,Time,Day_of_week,Age_band_of_driver,Sex_of_driver,Educational_level,Driving_experience,Type_of_vehicle,Owner_of_vehicle,Service_year_of_vehicle,Area_accident_occured,Road_surface_type,Road_surface_conditions,Light_conditions,Weather_conditions,Type_of_collision,Number_of_vehicles_involved,Number_of_casualties,Vehicle_movement,Casualty_class,Sex_of_casualty,Age_band_of_casualty,Casualty_severity,Cause_of_accident,Accident_severity
3184,19:26:00,Thursday,18-30,Male,Junior high school,Below 1yr,Bajaj,Owner,1-2yr,Other,Asphalt roads,Wet or damp,Darkness - lights lit,Normal,Vehicle with vehicle collision,2,1,Moving Backward,Driver or rider,Female,Over 51,3,No priority to vehicle,Slight Injury
3185,17:21:00,Thursday,Under 18,Male,Junior high school,1-2yr,Public (12 seats),Owner,Unknown,Office areas,Asphalt roads,Wet or damp,Darkness - lights lit,Raining,Collision with roadside objects,2,1,Going straight,na,na,na,na,Driving carelessly,Slight Injury
3186,17:21:00,Thursday,31-50,Male,Elementary school,2-5yr,Lorry (11?40Q),Owner,2-5yrs,Office areas,Asphalt roads,Wet or damp,Darkness - lights lit,Raining,Vehicle with vehicle collision,2,1,Going straight,na,na,na,na,Changing lane to the right,Slight Injury
3189,12:10:00,Thursday,Unknown,Male,Junior high school,5-10yr,Automobile,Owner,Above 10yr,Other,Asphalt roads,Dry,Daylight,Normal,Vehicle with vehicle collision,2,1,Going straight,Driver or rider,Male,18-30,3,Driving carelessly,Slight Injury
3190,12:10:00,Thursday,31-50,Male,Unknown,unknown,Lorry (11?40Q),Owner,Unknown,Office areas,Asphalt roads,Dry,Daylight,Normal,Vehicle with vehicle collision,2,1,Going straight,Pedestrian,Male,Over 51,3,Driving to the left,Slight Injury
3191,4:54:00,Friday,31-50,Male,Junior high school,Above 10yr,Lorry (41?100Q),Owner,Above 10yr,Office areas,Asphalt roads,Wet or damp,Darkness - lights lit,Raining,Vehicle with vehicle collision,2,1,Going straight,na,na,na,na,Driving to the left,Slight Injury
3192,4:54:00,Friday,Over 51,Male,Junior high school,Above 10yr,Pick up upto 10Q,Owner,Unknown,Other,Asphalt roads,Wet or damp,Darkness - lights lit,Raining,Vehicle with vehicle collision,2,1,Going straight,Driver or rider,Male,31-50,3,No priority to pedestrian,Slight Injury
3193,12:30:00,Saturday,31-50,Male,Junior high school,Above 10yr,Lorry (11?40Q),Owner,Above 10yr, Church areas,Asphalt roads,Wet or damp,Daylight,Raining,Collision with roadside objects,2,2,Going straight,Pedestrian,Female,18-30,3,Changing lane to the left,Slight Injury
3194,12:30:00,Saturday,18-30,Male,Junior high school,unknown,Stationwagen,Governmental,Unknown, Industrial areas,Asphalt roads,Wet or damp,Daylight,Raining,Vehicle with vehicle collision,2,2,Going straight,Driver or rider,Male,31-50,3,Changing lane to the right,Slight Injury
3195,12:30:00,Saturday,18-30,Male,Junior high school,5-10yr,Other,Organization,2-5yrs,Other,Asphalt roads,Wet or damp,Daylight,Raining,Vehicle with vehicle collision,2,2,Other,na,na,na,na,Driving carelessly,Slight Injury
3196,11:50:00,Friday,Over 51,Male,Junior high school,2-5yr,Other,Owner,5-10yrs,Other,Asphalt roads,Dry,Daylight,Normal,Vehicle with vehicle collision,2,1,Going straight,na,na,na,na,No distancing,Serious Injury
3197,11:50:00,Friday,18-30,Male,Elementary school,5-10yr,Lorry (11?40Q),Owner,1-2yr,Office areas,Asphalt roads,Dry,Daylight,Normal,Vehicle with vehicle collision,2,1,Reversing,Driver or rider,Male,31-50,3,Getting off the vehicle improperly,Serious Injury
3199,15:19:00,Friday,18-30,Male,High school,5-10yr,Automobile,Owner,Unknown,  Recreational areas,Asphalt roads,Dry,Daylight,Normal,Vehicle with vehicle collision,1,2,Reversing,Passenger,Female,18-30,3,Changing lane to the right,Slight Injury
3200,1:58:00,Saturday,31-50,Male,Junior high school,Above 10yr,Lorry (41?100Q),Governmental,Unknown,Other,Asphalt roads,Dry,Darkness - lights lit,Normal,Vehicle with vehicle collision,1,1,Going straight,Driver or rider,Male,31-50,3,Driving carelessly,Slight Injury
3201,21:10:00,Friday,Over 51,Male,Junior high school,2-5yr,Other,Governmental,5-10yrs, Church areas,Asphalt roads,Dry,Darkness - lights lit,Normal,Collision with roadside objects,1,1,Reversing,na,na,na,na,Moving Backward,Slight Injury
3203,15:46:00,Saturday,31-50,Male,High school,Above 10yr,Automobile,Owner,5-10yrs,Office areas,Asphalt roads,Dry,Daylight,Normal,Vehicle with vehicle collision,2,3,Going straight,Passenger,Male,31-50,3,Changing lane to the right,Slight Injury
3204,15:46:00,Saturday,31-50,Male,Elementary school,1-2yr,Pick up upto 10Q,Owner,2-5yrs,Other,Asphalt roads,Dry,Daylight,Normal,Vehicle with vehicle collision,2,3,Reversing,Pedestrian,Male,31-50,3,Driving carelessly,Slight Injury
3205,15:46:00,Saturday,18-30,Male,Junior high school,Above 10yr,Lorry (41?100Q),Governmental,2-5yrs,Office areas,Asphalt roads,Dry,Daylight,Normal,Collision with roadside objects,2,3,Other,Driver or rider,Male,Under 18,2,No priority to vehicle,Slight Injury
3206,20:00:00,Saturday,Over 51,Male,Unknown,unknown,Public (13?45 seats),Owner,Unknown,Office areas,Asphalt roads,Wet or damp,Darkness - lights lit,Normal,Collision with roadside objects,2,1,Going straight,na,na,na,na,Moving Backward,Slight Injury
3208,23:30:00,Sunday,31-50,Male,Above high school,5-10yr,Automobile,Owner,Unknown,Residential areas,Asphalt roads,Dry,Darkness - lights lit,Normal,Vehicle with vehicle collision,2,1,Going straight,Pedestrian,Female,31-50,3,Moving Backward,Slight Injury
3209,23:30:00,Sunday,Over 51,Male,Junior high school,5-10yr,Automobile,Owner,Unknown,  Recreational areas,Asphalt roads,Dry,Darkness - lights lit,Normal,Collision with roadside objects,2,1,Moving Backward,Driver or rider,Male,31-50,3,Overtaking,Slight Injury
3210,8:00:00,Wednesday,Unknown,Male,Junior high school,Above 10yr,Other,Owner,Unknown, Church areas,Asphalt roads,Dry,Daylight,Normal,Collision with roadside objects,1,1,Going straight,na,na,na,na,Changing lane to the left,Slight Injury
3212,17:30:00,Friday,Unknown,Male,Junior high school,2-5yr,Long lorry,Owner,Unknown,Other,Asphalt roads,Dry,Darkness - lights lit,Normal,Vehicle with vehicle collision,2,1,Going straight,Driver or rider,Female,Over 51,3,Overtaking,Slight Injury
3213,11:30:00,Monday,18-30,Male,Junior high school,Below 1yr,Public (12 seats),Owner,Unknown,Other,Asphalt roads,Dry,Daylight,Normal,Vehicle with vehicle collision,2,1,Going straight,Passenger,Female,Over 51,3,Overloading,Slight Injury
3214,11:30:00,Monday,31-50,Male,Junior high school,Above 10yr,Public (12 seats),Governmental,Unknown,Residential areas,Asphalt roads,Dry,Daylight,Normal,Collision with roadside objects,2,1,Other,Driver or rider,Female,18-30,3,Other,Slight Injury
3216,12:45:00,Monday,31-50,Male,Above high school,5-10yr,Other,Owner,Above 10yr, Church areas,Asphalt roads,Dry,Daylight,Normal,Vehicle with vehicle collision,2,1,Going straight,Driver or rider,Male,Over 51,3,Changing lane to the right,Slight Injury
3217,15:15:00,Monday,18-30,Male,Junior high school,5-10yr,Other,Owner,Above 10yr,Other,Asphalt roads,Dry,Daylight,Normal,Vehicle with vehicle collision,1,1,Turnover,na,na,na,na,Moving Backward,Slight Injury
3218,18:50:00,Monday,31-50,Male,Elementary school,Below 1yr,Public (12 seats),Owner,Below 1yr,Other,Asphalt roads,Dry,Darkness - lights lit,Normal,Rollover,1,1,Going straight,na,na,na,na,Changing lane to the left,Slight Injury
3219,23:20:00,Monday,31-50,Male,Unknown,unknown,Lorry (41?100Q),Owner,2-5yrs,Office areas,Asphalt roads,Dry,Darkness - lights lit,Normal,Vehicle with vehicle collision,2,1,Moving Backward,Passenger,Female,Over 51,3,No priority to pedestrian,Slight Injury
3220,23:20:00,Monday,Unknown,Female,Junior high school,Above 10yr,Other,Owner,2-5yrs,Office areas,Asphalt roads,Dry,Darkness - lights lit,Normal,Vehicle with vehicle collision,2,1,Moving Backward,Driver or rider,Male,Under 18,2,No distancing,Slight Injury
3221,19:45:00,Monday,18-30,Male,Junior high school,unknown,Public (12 seats),Owner,2-5yrs,Other,Asphalt roads,Dry,Darkness - lights lit,Normal,Collision with pedestrians,2,1,Going straight,Passenger,Female,18-30,3,No priority to vehicle,Slight Injury
3222,19:45:00,Monday,Unknown,Male,Junior high school,1-2yr,Other,Owner,Below 1yr, Hospital areas,Asphalt roads,Dry,Darkness - lights lit,Normal,Vehicle with vehicle collision,2,1,Other,Driver or rider,Male,31-50,3,No distancing,Slight Injury
3223,22:05:00,Friday,18-30,Male,Junior high school,2-5yr,Lorry (11?40Q),Owner,2-5yrs,Other,Asphalt roads,Dry,Darkness - lights lit,Normal,Vehicle with vehicle collision,2,1,Going straight,Passenger,Female,18-30,3,No distancing,Slight Injury
3224,22:05:00,Friday,Unknown,Male,Unknown,unknown,Other,Owner,Unknown,Other,Asphalt roads,Dry,Darkness - lights lit,Normal,Vehicle with vehicle collision,2,1,Going straight,Passenger,Female,18-30,3,Moving Backward,Slight Injury
3225,18:23:00,Tuesday,Unknown,Male,Junior high school,Above 10yr,Other,Owner,Unknown,Other,Asphalt roads,Dry,Darkness - lights lit,Normal,Vehicle with vehicle collision,2,1,Going straight,Passenger,Female,18-30,3,Changing lane to the right,Slight Injury
3227,7:20:00,Tuesday,18-30,Male,Junior high school,5-10yr,Pick up upto 10Q,Governmental,Unknown,Other,Asphalt roads,Wet or damp,Daylight,Normal,Vehicle with vehicle collision,1,1,Going straight,Driver or rider,Male,5,3,Moving Backward,Slight Injury
3228,7:21:00,Wednesday,31-50,Male,Junior high school,2-5yr,Automobile,Owner,Above 10yr, Hospital areas,Asphalt roads,Wet or damp,Daylight,Normal,Vehicle with vehicle collision,2,1,Going straight,Pedestrian,Female,Over 51,3,Getting off the vehicle improperly,Slight Injury
3230,9:43:00,Wednesday,Over 51,Male,Junior high school,5-10yr,Lorry (41?100Q),Owner,Unknown,Other,Asphalt roads,Dry,Daylight,Normal,Vehicle with vehicle collision,1,1,Going straight,na,na,na,na,Overloading,Slight Injury
3231,9:54:00,Wednesday,31-50,Male,Junior high school,2-5yr,Public (13?45 seats),Owner,2-5yrs,Other,Asphalt roads,Dry,Daylight,Normal,Collision with roadside objects,2,1,Other,na,na,na,na,Changing lane to the right,Slight Injury
3232,9:54:00,Wednesday,31-50,Male,Elementary school,5-10yr,Automobile,Owner,Unknown,Office areas,Asphalt roads,Dry,Daylight,Normal,Vehicle with vehicle collision,2,1,Going straight,na,na,na,na,Improper parking,Slight Injury
3233,10:15:00,Friday,Over 51,Male,Above high school,5-10yr,Pick up upto 10Q,Owner,Unknown,Residential areas,Asphalt roads,Dry,Daylight,Normal,Collision with roadside objects,3,1,Overtaking,Driver or rider,Male,18-30,3,Other,Slight Injury
3234,10:15:00,Friday,Unknown,Male,Junior high school,2-5yr,Lorry (41?100Q),Owner,2-5yrs,Other,Asphalt roads,Dry,Daylight,Normal,Vehicle with vehicle collision,3,1,Going straight,na,na,na,na,Changing lane to the left,Slight Injury
3235,10:15:00,Friday,Unknown,Female,Junior high school,2-5yr,Public (12 seats),Owner,Unknown,Residential areas,Asphalt roads,Dry,Daylight,Normal,Rollover,3,1,Going straight,Driver or rider,Male,31-50,3,Changing lane to the right,Slight Injury
3236,13:45:00,Wednesday,18-30,Male,Junior high school,2-5yr,Other,Owner,Unknown,Other,Asphalt roads,Dry,Daylight,Normal,Vehicle with vehicle collision,1,1,Going straight,na,na,na,na,No priority to pedestrian,Serious Injury
3237,8:45:00,Monday,31-50,Male,Junior high school,5-10yr,Lorry (41?100Q),Owner,2-5yrs,Residential areas,Asphalt roads,Wet or damp,Daylight,Normal,Vehicle with vehicle collision,2,1,U-Turn,Driver or rider,Male,18-30,3,Overspeed,Slight Injury
3238,8:45:00,Monday,Unknown,Male,Junior high school,1-2yr,Pick up upto 10Q,Owner,Unknown,Office areas,Asphalt roads,Wet or damp,Daylight,Normal,Vehicle with vehicle collision,2,1,Going straight,na,na,na,na,Changing lane to the left,Slight Injury
3239,8:55:00,Friday,31-50,Male,Junior high school,2-5yr,Other,Owner,5-10yrs,Office areas,Asphalt roads,Dry,Daylight,Normal,Vehicle with vehicle collision,1,1,Going straight,Driver or rider,Male,18-30,3,No priority to vehicle,Slight Injury
3240,17:52:00,Thursday,31-50,Male,High school,2-5yr,Lorry (41?100Q),Owner,Unknown,Office areas,Asphalt roads,Dry,Darkness - lights lit,Normal,Vehicle with vehicle collision,2,1,Going straight,Passenger,Female,18-30,3,Changing lane to the right,Slight Injury
3241,17:52:00,Thursday,31-50,Male,Unknown,unknown,Ridden horse,Owner,Unknown,  Recreational areas,Asphalt roads,Dry,Darkness - lights lit,Normal,Collision with pedestrians,2,1,Going straight,Driver or rider,Male,Over 51,3,No distancing,Slight Injury
3242,14:20:00,Friday,Over 51,Male,Junior high school,1-2yr,Automobile,Owner,Unknown,Other,Asphalt roads,Dry,Daylight,Normal,Rollover,1,1,Turnover,na,na,na,na,No priority to pedestrian,Serious Injury
3243,19:40:00,Friday,31-50,Male,Junior high school,Below 1yr,Automobile,Owner,Unknown,Other,Asphalt roads,Dry,Darkness - lights lit,Normal,Vehicle with vehicle collision,2,1,Going straight,Driver or rider,Female,18-30,3,No distancing,Slight Injury
3244,19:40:00,Friday,Over 51,Male,High school,1-2yr,Stationwagen,Owner,5-10yrs,Other,Asphalt roads,Dry,Darkness - lights lit,Normal,Rollover,2,1,Going straight,na,na,na,na,No priority to vehicle,Slight Injury
3245,6:42:00,Saturday,31-50,Male,Above high school,1-2yr,Other,Owner,Unknown,Other,Asphalt roads,Wet or damp,Darkness - lights lit,Normal,Vehicle with vehicle collision,2,1,Moving Backward,na,na,na,na,Other,Slight Injury
3246,6:42:00,Saturday,18-30,Male,Junior high school,Above 10yr,Lorry (41?100Q),Owner,2-5yrs,Other,Asphalt roads,Wet or damp,Darkness - lights lit,Normal,Vehicle with vehicle collision,2,1,Going straight,Driver or rider,Male,31-50,3,Driving carelessly,Slight Injury
3247,11:02:00,Saturday,18-30,Male,High school,1-2yr,Lorry (41?100Q),Owner,2-5yrs,Office areas,Asphalt roads,Dry,Daylight,Normal,Vehicle with vehicle collision,2,1,Moving Backward,Driver or rider,Male,31-50,3,Changing lane to the left,Slight Injury
3248,11:02:00,Saturday,31-50,Unknown,Junior high school,2-5yr,Long lorry,Owner,Above 10yr,Office areas,Asphalt roads,Dry,Daylight,Normal,Fall from vehicles,2,1,Going straight,na,na,na,na,Driving carelessly,Slight Injury
3249,1:39:00,Sunday,Unknown,Male,Above high school,2-5yr,Stationwagen,Owner,Unknown,Office areas,Asphalt roads,Dry,Darkness - lights lit,Normal,Vehicle with vehicle collision,2,1,Going straight,Driver or rider,Male,18-30,3,Changing lane to the left,Slight Injury
3250,1:39:00,Sunday,18-30,Male,High school,Above 10yr,Public (12 seats),Owner,Above 10yr,Residential areas,Asphalt roads,Dry,Darkness - lights lit,Normal,Collision with roadside objects,2,1,Going straight,na,na,na,na,No priority to vehicle,Slight Injury
3251,8:00:00,Sunday,31-50,Male,Elementary school,5-10yr,Automobile,Governmental,Below 1yr,  Recreational areas,Asphalt roads,Dry,Daylight,Normal,Vehicle with vehicle collision,2,1,Going straight,Driver or rider,Male,18-30,3,No distancing,Slight Injury
3252,8:00:00,Sunday,18-30,Male,High school,1-2yr,Public (12 seats),Owner,Unknown, Church areas,Asphalt roads,Dry,Daylight,Normal,Vehicle with vehicle collision,2,1,U-Turn,na,na,na,na,Changing lane to the right,Slight Injury
3253,8:45:00,Tuesday,Unknown,Male,High school,5-10yr,Lorry (41?100Q),Owner,Unknown,Office areas,Asphalt roads,Dry,Daylight,Normal,Vehicle with vehicle collision,1,1,Going straight,Driver or rider,Female,18-30,3,Changing lane to the right,Slight Injury
3254,7:11:00,Monday,18-30,Male,High school,2-5yr,Automobile,Owner,Unknown,Other,Asphalt roads,Wet or damp,Daylight,Normal,Collision with pedestrians,2,1,Going straight,Driver or rider,Male,31-50,2,Driving at high speed,Slight Injury
3255,7:11:00,Monday,31-50,Male,Junior high school,1-2yr,Lorry (41?100Q),Owner,Unknown,Residential areas,Asphalt roads,Wet or damp,Daylight,Normal,Vehicle with vehicle collision,2,1,Going straight,na,na,na,na,No distancing,Slight Injury
3256,17:30:00,Monday,18-30,Male,Above high school,Above 10yr,Lorry (41?100Q),Owner,Unknown,School areas,Asphalt roads,Dry,Darkness - lights lit,Normal,Vehicle with vehicle collision,2,1,Going straight,na,na,na,na,Changing lane to the right,Slight Injury
3257,17:30:00,Monday,Unknown,Male,Above high school,2-5yr,Pick up upto 10Q,Owner,1-2yr,Office areas,Asphalt roads,Dry,Darkness - lights lit,Normal,Vehicle with vehicle collision,2,1,Going straight,Driver or rider,Male,18-30,3,Changing lane to the left,Slight Injury
3258,7:45:00,Monday,18-30,Male,Elementary school,5-10yr,Other,Owner,Above 10yr,Other,Asphalt roads,Dry,Daylight,Normal,Rollover,2,1,Going straight,Driver or rider,Male,18-30,3,Getting off the vehicle improperly,Serious Injury
3259,7:45:00,Monday,18-30,Male,Elementary school,1-2yr,Automobile,Owner,Unknown,Other,Asphalt roads,Dry,Daylight,Normal,Collision with roadside objects,2,1,Stopping,na,na,na,na,Other,Serious Injury
3260,8:05:00,Thursday,31-50,Male,Junior high school,unknown,Automobile,Organization,2-5yrs,Office areas,Asphalt roads,Dry,Daylight,Normal,Vehicle with vehicle collision,2,1,Turnover,Driver or rider,Female,31-50,2,Other,Slight Injury
3261,8:05:00,Thursday,Unknown,Male,Unknown,unknown,Lorry (11?40Q),Owner,Unknown,Office areas,Asphalt roads,Dry,Daylight,Normal,Vehicle with vehicle collision,2,1,Getting off,na,na,na,na,No distancing,Slight Injury
3262,17:39:00,Wednesday,31-50,Male,Elementary school,5-10yr,Bajaj,Owner,5-10yrs,Other,Asphalt roads,Dry,Darkness - lights lit,Normal,Collision with roadside objects,2,1,Moving Backward,Driver or rider,Male,31-50,3,No priority to vehicle,Slight Injury
3263,17:39:00,Wednesday,Unknown,Female,Junior high school,2-5yr,Automobile,Owner,5-10yrs,Office areas,Asphalt roads,Dry,Darkness - lights lit,Normal,Vehicle with vehicle collision,2,1,Moving Backward,na,na,na,na,Overtaking,Slight Injury
3264,7:37:00,Tuesday,31-50,Male,Junior high school,5-10yr,Lorry (41?100Q),Owner,2-5yrs, Industrial areas,Asphalt roads,Dry,Daylight,Normal,Vehicle with vehicle collision,2,2,Going straight,Driver or rider,Male,31-50,2,No priority to pedestrian,Slight Injury
3265,7:37:00,Tuesday,18-30,Male,High school,2-5yr,Lorry (11?40Q),Owner,Unknown,Office areas,Asphalt roads,Dry,Daylight,Normal,Vehicle with vehicle collision,2,2,Turnover,Passenger,Male,31-50,3,No distancing,Slight Injury
3266,7:37:00,Tuesday,18-30,Male,Junior high school,1-2yr,Lorry (11?40Q),Owner,Unknown,Other,Asphalt roads,Dry,Daylight,Normal,Rollover,2,2,Going straight,na,na,na,na,Changing lane to the right,Slight Injury
3267,0:26:00,Thursday,18-30,Male,Junior high school,1-2yr,Automobile,Owner,Above 10yr,Other,Asphalt roads,Dry,Darkness - lights lit,Normal,Rollover,3,1,Going straight,Driver or rider,Female,Under 18,3,Driving carelessly,Slight Injury
3270,11:20:00,Wednesday,31-50,Male,Junior high school,5-10yr,Public (13?45 seats),Owner,Unknown,Office areas,Asphalt roads,Dry,Daylight,Normal,Vehicle with vehicle collision,2,1,Going straight,na,na,na,na,Other,Slight Injury
3271,11:20:00,Wednesday,18-30,Male,Junior high school,1-2yr,Public (12 seats),Owner,Unknown,Residential areas,Asphalt roads,Dry,Daylight,Normal,Vehicle with vehicle collision,2,1,U-Turn,Driver or rider,Male,Over 51,3,Driving to the left,Slight Injury
3272,20:37:00,Tuesday,Unknown,Male,Junior high school,2-5yr,Other,Owner,Unknown,  Recreational areas,Asphalt roads,Dry,Darkness - lights lit,Normal,Collision with pedestrians,2,1,Stopping,na,na,na,na,Driving at high speed,Slight Injury
3273,20:37:00,Tuesday,Unknown,Male,Junior high school,Above 10yr,Automobile,Governmental,5-10yrs,Other,Asphalt roads,Dry,Darkness - lights lit,Normal,Collision with pedestrians,2,1,Going straight,Driver or rider,Male,31-50,3,Unknown,Slight Injury
3274,17:00:00,Tuesday,31-50,Male,Junior high school,5-10yr,Automobile,Owner,Unknown, Church areas,Asphalt roads,Dry,Daylight,Normal,Vehicle with vehicle collision,2,1,Moving Backward,na,na,na,na,Changing lane to the right,Slight Injury
3275,17:00:00,Tuesday,Unknown,Male,High school,1-2yr,Public (13?45 seats),Owner,Unknown,Other,Asphalt roads,Dry,Daylight,Normal,Vehicle with vehicle collision,2,1,Getting off,Driver or rider,Male,Under 18,3,No distancing,Slight Injury
3276,22:45:00,Sunday,Unknown,Male,Junior high school,Above 10yr,Public (13?45 seats),Owner,Above 10yr,Other,Asphalt roads,Dry,Darkness - lights lit,Normal,Vehicle with vehicle collision,1,1,Going straight,na,na,na,na,Other,Slight Injury
3277,18:15:00,Wednesday,Unknown,Male,Junior high school,1-2yr,Automobile,Owner,5-10yrs, Church areas,Asphalt roads,Dry,Darkness - lights lit,Normal,Collision with roadside objects,1,1,Going straight,Driver or rider,Male,Over 51,3,No priority to vehicle,Slight Injury
3278,12:33:00,Tuesday,31-50,Male,Junior high school,2-5yr,Other,Owner,Unknown,Office areas,Asphalt roads,Dry,Daylight,Normal,Vehicle with vehicle collision,1,1,Turnover,na,na,na,na,Changing lane to the left,Slight Injury
3279,8:30:00,Thursday,Under 18,Male,Junior high school,Above 10yr,Pick up upto 10Q,Owner,Unknown,Office areas,Asphalt roads,Dry,Daylight,Normal,Collision with roadside objects,1,2,Moving Backward,Driver or rider,Male,18-30,3,No priority to pedestrian,Slight Injury
3280,8:30:00,Thursday,Under 18,Male,Junior high school,2-5yr,Lorry (41?100Q),Organization,5-10yrs, Church areas,Asphalt roads,Dry,Daylight,Normal,Vehicle with vehicle collision,1,2,Going straight,na,na,na,na,Overtaking,Slight Injury
3281,10:37:00,Thursday,31-50,Male,Elementary school,5-10yr,Automobile,Organization,2-5yrs,Other,Earth roads,Dry,Daylight,Normal,Vehicle with vehicle collision,1,1,Moving Backward,Driver or rider,Male,18-30,3,Driving carelessly,Slight Injury
3282,14:20:00,Thursday,18-30,Male,Unknown,unknown,Automobile,Owner,Unknown,Other,Asphalt roads,Dry,Daylight,Normal,Collision with roadside objects,1,1,Going straight,na,na,na,na,No priority to vehicle,Slight Injury
3286,23:29:00,Saturday,18-30,Male,Junior high school,1-2yr,Automobile,Owner,Unknown,School areas,Asphalt roads,Dry,Darkness - lights lit,Normal,Collision with roadside objects,2,1,Going straight,Driver or rider,Female,18-30,3,Changing lane to the right,Slight Injury
3288,22:00:00,Saturday,Unknown,Male,Junior high school,5-10yr,Automobile,Owner,Unknown, Church areas,Asphalt roads,Dry,Darkness - lights lit,Normal,Vehicle with vehicle collision,2,1,Going straight,na,na,na,na,Changing lane to the left,Slight Injury
3289,10:30:00,Friday,18-30,Male,Junior high school,2-5yr,Automobile,Owner,Unknown,Office areas,Asphalt roads,Wet or damp,Daylight,Normal,Vehicle with vehicle collision,1,1,Going straight,Driver or rider,Male,18-30,3,Overturning,Slight Injury
3290,19:57:00,Saturday,18-30,Male,Junior high school,1-2yr,Lorry (41?100Q),Owner,Unknown,Other,Asphalt roads,Wet or damp,Darkness - lights lit,Normal,Vehicle with vehicle collision,2,1,Going straight,Driver or rider,Male,31-50,3,Driving carelessly,Slight Injury
3291,19:57:00,Saturday,18-30,Male,Junior high school,5-10yr,Other,Owner,2-5yrs,Other,Asphalt roads,Wet or damp,Darkness - lights lit,Normal,Vehicle with vehicle collision,2,1,Going straight,Driver or rider,Female,31-50,3,No distancing,Slight Injury
3292,15:00:00,Sunday,18-30,Male,Junior high school,Below 1yr,Pick up upto 10Q,Owner,Unknown,Other,Asphalt roads,Dry,Daylight,Normal,Vehicle with vehicle collision,2,1,Going straight,na,na,na,na,Driving carelessly,Slight Injury
3293,15:00:00,Sunday,18-30,Male,Junior high school,5-10yr,Stationwagen,Owner,2-5yrs,Other,Asphalt roads,Dry,Daylight,Normal,Vehicle with vehicle collision,2,1,Other,Pedestrian,Male,31-50,2,Changing lane to the left,Slight Injury
3294,19:15:00,Friday,31-50,Male,Junior high school,5-10yr,Other,Owner,Above 10yr, Church areas,Asphalt roads,Dry,Darkness - lights lit,Normal,Vehicle with vehicle collision,2,1,Other,Pedestrian,Male,Under 18,3,No priority to vehicle,Slight Injury
3295,19:15:00,Friday,18-30,Male,Unknown,5-10yr,Pick up upto 10Q,Governmental,2-5yrs,Residential areas,Asphalt roads,Dry,Darkness - lights lit,Normal,Vehicle with vehicle collision,2,1,Going straight,Driver or rider,Female,18-30,3,Changing lane to the right,Slight Injury
3296,17:56:00,Friday,Unknown,Male,Junior high school,5-10yr,Stationwagen,Owner,2-5yrs,Office areas,Asphalt roads,Wet or damp,Darkness - lights lit,Raining,Vehicle with vehicle collision,2,1,Going straight,na,na,na,na,No distancing,Slight Injury
3297,17:56:00,Friday,Unknown,Male,High school,2-5yr,Lorry (41?100Q),Owner,2-5yrs,Other,Asphalt roads,Wet or damp,Darkness - lights lit,Raining,Vehicle with vehicle collision,2,1,Getting off,Passenger,Male,31-50,3,Moving Backward,Slight Injury
3298,7:10:00,Friday,Over 51,Male,Above high school,5-10yr,Automobile,Owner,2-5yrs,Office areas,Asphalt roads,Dry,Daylight,Normal,Vehicle with vehicle collision,2,1,Going straight,Pedestrian,Female,Over 51,2,Moving Backward,Slight Injury
3300,14:53:00,Tuesday,18-30,Male,Junior high school,Below 1yr,Automobile,Owner,1-2yr, Church areas,Asphalt roads,Dry,Daylight,Normal,Vehicle with vehicle collision,1,1,Going straight,Driver or rider,Male,18-30,3,No distancing,Slight Injury
3301,12:40:00,Monday,31-50,Male,Elementary school,5-10yr,Automobile,Owner,Unknown,Office areas,Asphalt roads,Wet or damp,Daylight,Normal,Vehicle with vehicle collision,3,1,Going straight,na,na,na,na,No distancing,Slight Injury
3302,12:40:00,Monday,31-50,Male,Elementary school,2-5yr,Turbo,Owner,Unknown,Other,Asphalt roads,Wet or damp,Daylight,Normal,Vehicle with vehicle collision,3,1,Going straight,Driver or rider,Male,18-30,3,No priority to pedestrian,Slight Injury
3304,18:16:00,Tuesday,Unknown,Male,Junior high school,1-2yr,Stationwagen,Owner,Above 10yr,School areas,Asphalt roads,Dry,Darkness - lights lit,Normal,Vehicle with vehicle collision,2,1,Going straight,na,na,na,na,Changing lane to the right,Slight Injury
3305,18:16:00,Tuesday,Over 51,Male,Junior high school,2-5yr,Automobile,Owner,Unknown, Church areas,Asphalt roads,Dry,Darkness - lights lit,Normal,Collision with roadside objects,2,1,Going straight,Driver or rider,Male,18-30,3,Changing lane to the left,Slight Injury
3306,12:25:00,Tuesday,Over 51,Male,Junior high school,2-5yr,Automobile,Owner,Unknown,School areas,Asphalt roads,Dry,Daylight,Normal,Vehicle with vehicle collision,1,1,Other,Driver or rider,Male,31-50,3,Driving carelessly,Slight Injury
3307,15:45:00,Tuesday,18-30,Male,Junior high school,Above 10yr,Automobile,Owner,2-5yrs,Residential areas,Asphalt roads,Dry,Daylight,Normal,Collision with pedestrians,1,1,Going straight,Driver or rider,Male,31-50,3,Driving carelessly,Slight Injury
3309,9:30:00,Wednesday,18-30,Male,Junior high school,2-5yr,Lorry (41?100Q),Owner,Unknown,Office areas,Asphalt roads,Dry,Daylight,Normal,Collision with roadside objects,2,1,Going straight,na,na,na,na,Other,Slight Injury
3310,9:30:00,Wednesday,31-50,Male,High school,Above 10yr,Lorry (41?100Q),Governmental,5-10yrs, Church areas,Asphalt roads,Dry,Daylight,Normal,Vehicle with vehicle collision,2,1,Going straight,Pedestrian,Male,31-50,3,Changing lane to the right,Slight Injury