,Time,Day_of_week,Age_band_of_driver,Sex_of_driver,Educational_level,Driving_experience,Type_of_vehicle,Owner_of_vehicle,Service_year_of_vehicle,Area_accident_occured,Road_surface_type,Road_surface_conditions,Light_conditions,Weather_conditions,Type_of_collision,Number_of_vehicles_involved,Number_of_casualties,Vehicle_movement,Casualty_class,Sex_of_casualty,Age_band_of_casualty,Casualty_severity,Cause_of_accident,Accident_severity
3435,17:11:00,Thursday,31-50,Male,Junior high school,5-10yr,Pick up upto 10Q,Owner,2-5yrs,Residential areas,Asphalt roads,Dry,Daylight,Normal,Vehicle with vehicle collision,2,1,Reversing,Pedestrian,Female,Over 51,3,Changing lane to the left,Slight Injury
3436,17:11:00,Thursday,18-30,Male,Elementary school,5-10yr,Public (13?45 seats),Owner,5-10yrs, Church areas,Asphalt roads,Dry,Daylight,Normal,Vehicle with vehicle collision,2,1,Going straight,na,na,na,na,Driving carelessly,Slight Injury
3437,7:45:00,Wednesday,18-30,Male,Elementary school,5-10yr,Automobile,Owner,5-10yrs,Other,Asphalt roads,Dry,Daylight,Normal,Collision with roadside objects,2,1,Going straight,Driver or rider,Male,18-30,3,Driving carelessly,Slight Injury
3438,7:45:00,Wednesday,Unknown,Male,High school,5-10yr,Pick up upto 10Q,Owner,Unknown,Residential areas,Asphalt roads,Dry,Daylight,Normal,Collision with roadside objects,2,1,Going straight,na,na,na,na,No priority to pedestrian,Slight Injury
3439,7:50:00,Tuesday,18-30,Male,Junior high school,5-10yr,Automobile,Owner,2-5yrs,Other,Asphalt roads,Wet or damp,Daylight,Raining,Vehicle with vehicle collision,1,1,Going straight,Driver or rider,Male,Under 18,3,Getting off the vehicle improperly,Slight Injury
3440,7:50:00,Thursday,18-30,Male,Junior high school,1-2yr,Lorry (41?100Q),Owner,2-5yrs,Residential areas,Asphalt roads,Dry,Daylight,Normal,Vehicle with vehicle collision,2,1,Turnover,Passenger,Female,Over 51,3,No distancing,Slight Injury
3441,7:50:00,Thursday,Unknown,Male,Junior high school,2-5yr,Automobile,Owner,2-5yrs,Residential areas,Asphalt roads,Dry,Daylight,Normal,Vehicle with vehicle collision,2,1,Going straight,Pedestrian,Female,Over 51,3,Changing lane to the left,Slight Injury
3442,17:20:00,Wednesday,Unknown,Male,Junior high school,5-10yr,Lorry (41?100Q),Owner,5-10yrs,Other,Asphalt roads,Dry,Daylight,Normal,Vehicle with vehicle collision,1,1,Going straight,Passenger,Female,18-30,3,No priority to vehicle,Slight Injury
3444,10:25:00,Saturday,18-30,Male,High school,5-10yr,Lorry (41?100Q),Owner,Unknown,Other,Asphalt roads,Dry,Daylight,Normal,Rollover,2,1,Going straight,na,na,na,na,No priority to pedestrian,Slight Injury
3445,6:45:00,Monday,31-50,Male,High school,2-5yr,Public (13?45 seats),Owner,Unknown,Other,Asphalt roads,Dry,Daylight,Normal,Vehicle with vehicle collision,2,1,Going straight,Driver or rider,Female,31-50,3,No priority to pedestrian,Slight Injury
3446,6:45:00,Monday,18-30,Male,Junior high school,5-10yr,Automobile,Owner,Unknown,Residential areas,Asphalt roads,Dry,Daylight,Normal,Collision with roadside objects,2,1,Moving Backward,na,na,na,na,No priority to vehicle,Slight Injury
3447,8:32:00,Friday,31-50,Male,Elementary school,2-5yr,Other,Owner,2-5yrs,  Recreational areas,Asphalt roads,Dry,Daylight,Normal,Collision with pedestrians,1,1,Going straight,na,na,na,na,Driving carelessly,Serious Injury
3448,12:48:00,Friday,Under 18,Male,Elementary school,5-10yr,Other,Owner,Unknown,Other,Asphalt roads,Dry,Daylight,Other,Vehicle with vehicle collision,1,1,Going straight,Passenger,Female,5,3,Changing lane to the right,Serious Injury
3449,13:03:00,Friday,18-30,Male,Junior high school,1-2yr,Other,Owner,Unknown,Office areas,Asphalt roads,Dry,Daylight,Normal,Vehicle with vehicle collision,2,1,Turnover,Driver or rider,Male,18-30,3,Changing lane to the left,Slight Injury
3451,19:45:00,Friday,31-50,Male,Unknown,unknown,Other,Owner,Unknown,Office areas,Asphalt roads,Dry,Darkness - lights lit,Normal,Vehicle with vehicle collision,2,1,Going straight,Driver or rider,Female,Over 51,3,Driving carelessly,Slight Injury
3452,19:45:00,Friday,31-50,Male,Elementary school,Above 10yr,Lorry (41?100Q),Owner,Unknown,Office areas,Asphalt roads,Dry,Darkness - lights lit,Normal,Vehicle with vehicle collision,2,1,Going straight,na,na,na,na,Driving to the left,Slight Injury
3453,8:49:00,Saturday,Unknown,Male,Elementary school,Below 1yr,Public (12 seats),Owner,Unknown,Office areas,Asphalt roads,Dry,Daylight,Normal,Vehicle with vehicle collision,2,1,Going straight,Driver or rider,Female,18-30,3,Driving to the left,Slight Injury
3454,8:49:00,Saturday,31-50,Male,Junior high school,2-5yr,Lorry (41?100Q),Owner,Unknown,Other,Asphalt roads,Dry,Daylight,Normal,Vehicle with vehicle collision,2,1,Going straight,na,na,na,na,No priority to pedestrian,Slight Injury
3455,12:22:00,Saturday,31-50,Male,Elementary school,1-2yr,Public (12 seats),Governmental,Unknown,Other,Asphalt roads,Dry,Daylight,Normal,Collision with roadside objects,1,1,Going straight,Passenger,Female,31-50,3,Changing lane to the left,Slight Injury
3456,19:45:00,Saturday,Over 51,Male,Junior high school,5-10yr,Lorry (41?100Q),Owner,Unknown,Office areas,Asphalt roads,Dry,Darkness - lights lit,Normal,Rollover,3,1,Moving Backward,Driver or rider,Male,18-30,3,Changing lane to the right,Slight Injury
3457,19:45:00,Saturday,Unknown,Male,Junior high school,2-5yr,Other,Owner,Unknown,Residential areas,Asphalt roads,Dry,Darkness - lights lit,Normal,Vehicle with vehicle collision,3,1,Going straight,na,na,na,na,Driving carelessly,Slight Injury
3458,19:45:00,Saturday,31-50,Male,Junior high school,2-5yr,Lorry (41?100Q),Governmental,2-5yrs,  Recreational areas,Asphalt roads,Dry,Darkness - lights lit,Normal,Collision with pedestrians,3,1,Going straight,na,na,na,na,No distancing,Slight Injury
3460,3:09:00,Sunday,Unknown,Male,Junior high school,Above 10yr,Public (> 45 seats),Owner,Above 10yr,Residential areas,Asphalt roads,Dry,Darkness - lights lit,Normal,Vehicle with vehicle collision,2,1,Going straight,Passenger,Male,31-50,3,Driving under the influence of drugs,Slight Injury
3461,1:15:00,Sunday,18-30,Male,Junior high school,2-5yr,Lorry (41?100Q),Owner,Unknown,Other,Asphalt roads,Dry,Darkness - lights lit,Normal,Collision with pedestrians,2,2,Moving Backward,Driver or rider,Male,Over 51,3,Changing lane to the right,Slight Injury
3462,1:15:00,Sunday,18-30,Male,Junior high school,1-2yr,Other,Owner,Unknown,Other,Asphalt roads,Dry,Darkness - lights lit,Normal,Collision with pedestrians,2,2,Going straight,Passenger,Female,18-30,3,Driving carelessly,Slight Injury
3463,1:15:00,Sunday,31-50,Male,Junior high school,2-5yr,Other,Owner,5-10yrs,Other,Asphalt roads,Dry,Darkness - lights lit,Normal,Vehicle with vehicle collision,2,2,Other,Driver or rider,Male,Under 18,3,Moving Backward,Slight Injury
3464,17:20:00,Monday,31-50,Male,Junior high school,5-10yr,Automobile,Owner,Unknown,Other,Asphalt roads,Dry,Daylight,Normal,Vehicle with vehicle collision,1,1,Other,na,na,na,na,Turnover,Slight Injury
3465,12:40:00,Thursday,18-30,Male,Junior high school,1-2yr,Lorry (41?100Q),Owner,2-5yrs,Other,Asphalt roads,Dry,Daylight,Normal,Vehicle with vehicle collision,2,1,Going straight,Driver or rider,Male,18-30,3,Changing lane to the right,Slight Injury
3466,12:40:00,Thursday,Unknown,Male,Elementary school,1-2yr,Pick up upto 10Q,Owner,Unknown,School areas,Asphalt roads,Dry,Daylight,Normal,Vehicle with vehicle collision,2,1,Going straight,Driver or rider,Male,31-50,3,Driving carelessly,Slight Injury
3467,14:23:00,Monday,18-30,Male,Junior high school,2-5yr,Automobile,Owner,Unknown,Office areas,Asphalt roads,Dry,Daylight,Normal,Vehicle with vehicle collision,2,1,Going straight,na,na,na,na,No priority to vehicle,Slight Injury
3469,0:30:00,Tuesday,31-50,Male,Junior high school,Below 1yr,Other,Owner,5-10yrs,Office areas,Asphalt roads,Dry,Darkness - lights lit,Normal,Vehicle with vehicle collision,2,1,Other,na,na,na,na,Changing lane to the left,Slight Injury
3470,0:30:00,Tuesday,31-50,Male,Junior high school,Above 10yr,Automobile,Owner,Unknown,School areas,Asphalt roads with some distress,Dry,Darkness - lights lit,Normal,Vehicle with vehicle collision,2,1,Going straight,Driver or rider,Male,18-30,3,Overturning,Slight Injury
3471,9:16:00,Monday,31-50,Male,Elementary school,5-10yr,Stationwagen,Governmental,Unknown,School areas,Asphalt roads,Dry,Daylight,Normal,Vehicle with vehicle collision,1,1,Getting off,na,na,na,na,No distancing,Slight Injury
3472,22:50:00,Tuesday,18-30,Male,Elementary school,Above 10yr,Other,Owner,Unknown,Office areas,Asphalt roads,Dry,Darkness - lights lit,Normal,Vehicle with vehicle collision,2,1,Going straight,Driver or rider,Male,Under 18,3,Driving carelessly,Slight Injury
3474,7:12:00,Tuesday,31-50,Male,Unknown,unknown,Ridden horse,Governmental,Above 10yr,School areas,Asphalt roads,Dry,Daylight,Normal,Vehicle with vehicle collision,2,1,Going straight,Driver or rider,Male,18-30,3,Changing lane to the left,Serious Injury
3476,9:53:00,Tuesday,18-30,Male,Elementary school,2-5yr,Other,Owner,Above 10yr,Other,Asphalt roads,Dry,Daylight,Normal,Vehicle with vehicle collision,3,1,Going straight,na,na,na,na,No distancing,Slight Injury
3477,9:53:00,Tuesday,Under 18,Male,Unknown,unknown,Lorry (41?100Q),Owner,Below 1yr,Other,Asphalt roads,Dry,Daylight,Normal,Vehicle with vehicle collision,3,1,Going straight,Driver or rider,Female,18-30,3,No distancing,Slight Injury
3478,9:53:00,Tuesday,Unknown,Female,Unknown,unknown,Lorry (41?100Q),Owner,Above 10yr,Other,Asphalt roads,Dry,Daylight,Normal,Vehicle with vehicle collision,3,1,Moving Backward,Pedestrian,Male,5,3,Changing lane to the left,Slight Injury
3479,9:12:00,Wednesday,Over 51,Male,High school,1-2yr,Lorry (41?100Q),Owner,Unknown,Residential areas,Asphalt roads,Dry,Daylight,Normal,Vehicle with vehicle collision,1,1,Going straight,na,na,na,na,No distancing,Slight Injury
3480,15:28:00,Wednesday,31-50,Male,Junior high school,1-2yr,Stationwagen,Governmental,1-2yr,Other,Asphalt roads,Dry,Daylight,Normal,Vehicle with vehicle collision,1,1,Other,Driver or rider,Male,31-50,3,Changing lane to the left,Slight Injury
3481,17:30:00,Wednesday,Over 51,Male,Junior high school,1-2yr,Lorry (41?100Q),Owner,1-2yr,Other,Asphalt roads,Dry,Daylight,Normal,Vehicle with vehicle collision,1,1,Going straight,na,na,na,na,No distancing,Slight Injury
3482,18:15:00,Wednesday,18-30,Male,Junior high school,Above 10yr,Automobile,Owner,Unknown, Industrial areas,Asphalt roads,Dry,Darkness - lights lit,Normal,Vehicle with vehicle collision,2,1,Going straight,Driver or rider,Male,Under 18,3,No distancing,Slight Injury
3483,18:15:00,Wednesday,18-30,Male,Junior high school,1-2yr,Automobile,Owner,Unknown,  Recreational areas,Asphalt roads,Dry,Darkness - lights lit,Normal,Vehicle with vehicle collision,2,1,Going straight,na,na,na,na,No distancing,Slight Injury
3484,18:40:00,Wednesday,18-30,Male,High school,Above 10yr,Pick up upto 10Q,Owner,Above 10yr, Church areas,Asphalt roads,Dry,Darkness - lights lit,Normal,Collision with roadside objects,2,1,Going straight,Driver or rider,Male,Under 18,3,Changing lane to the left,Slight Injury
3489,13:41:00,Thursday,31-50,Male,Junior high school,2-5yr,Long lorry,Owner,Unknown,Other,Earth roads,Dry,Daylight,Normal,Collision with pedestrians,1,1,Going straight,na,na,na,na,Overtaking,Slight Injury
3494,10:35:00,Friday,31-50,Male,Elementary school,5-10yr,Lorry (41?100Q),Owner,Above 10yr,Office areas,Earth roads,Dry,Daylight,Normal,Vehicle with vehicle collision,2,1,Going straight,Driver or rider,Female,18-30,3,No priority to vehicle,Slight Injury
3495,10:18:00,Friday,18-30,Male,Junior high school,2-5yr,Automobile,Owner,5-10yrs,Other,Asphalt roads,Dry,Daylight,Normal,Vehicle with vehicle collision,1,1,Going straight,Driver or rider,Male,Over 51,3,Changing lane to the left,Slight Injury
3496,11:30:00,Friday,31-50,Male,Elementary school,5-10yr,Pick up upto 10Q,Owner,Above 10yr,Other,Asphalt roads,Dry,Daylight,Normal,Vehicle with vehicle collision,3,1,Going straight,na,na,na,na,Changing lane to the left,Slight Injury
3497,11:30:00,Friday,31-50,Male,Junior high school,Above 10yr,Lorry (41?100Q),Owner,Above 10yr, Church areas,Earth roads,Dry,Daylight,Normal,Vehicle with vehicle collision,3,1,Going straight,Passenger,Female,Over 51,3,Overtaking,Slight Injury
3498,11:30:00,Friday,Unknown,Female,Junior high school,Above 10yr,Lorry (41?100Q),Owner,Unknown,Office areas,Asphalt roads,Dry,Daylight,Normal,Collision with pedestrians,3,1,Other,Driver or rider,Male,18-30,3,No distancing,Slight Injury
3499,15:45:00,Friday,18-30,Male,Elementary school,2-5yr,Long lorry,Owner,Unknown,Other,Asphalt roads,Dry,Daylight,Normal,Vehicle with vehicle collision,1,1,Going straight,Driver or rider,Male,18-30,3,No priority to vehicle,Slight Injury
3500,14:10:00,Friday,Unknown,Male,Elementary school,5-10yr,Public (> 45 seats),Owner,Unknown,Office areas,Asphalt roads,Dry,Daylight,Normal,Vehicle with vehicle collision,1,1,Going straight,Pedestrian,Male,31-50,2,Changing lane to the right,Slight Injury
3501,17:15:00,Friday,Unknown,Male,Junior high school,1-2yr,Public (> 45 seats),Owner,Unknown,Office areas,Asphalt roads,Dry,Daylight,Normal,Vehicle with vehicle collision,1,1,Going straight,Driver or rider,Female,18-30,3,Changing lane to the left,Slight Injury
3502,6:55:00,Saturday,31-50,Male,Elementary school,Above 10yr,Automobile,Owner,Above 10yr,Office areas,Asphalt roads,Dry,Daylight,Normal,Vehicle with vehicle collision,2,1,Going straight,na,na,na,na,No distancing,Slight Injury
3503,6:55:00,Saturday,31-50,Male,Junior high school,5-10yr,Automobile,Owner,Above 10yr, Church areas,Asphalt roads,Dry,Daylight,Normal,Collision with roadside objects,2,1,Going straight,Pedestrian,Male,31-50,3,Driving carelessly,Slight Injury
3504,8:42:00,Saturday,Over 51,Male,Junior high school,2-5yr,Automobile,Owner,Above 10yr,Office areas,Asphalt roads,Dry,Daylight,Normal,Vehicle with vehicle collision,2,1,Going straight,na,na,na,na,No priority to pedestrian,Slight Injury
3505,8:42:00,Saturday,31-50,Male,Elementary school,Above 10yr,Other,Owner,5-10yrs,Other,Asphalt roads,Dry,Daylight,Normal,Vehicle with vehicle collision,2,1,Moving Backward,Driver or rider,Male,5,3,Driving carelessly,Slight Injury
3506,14:52:00,Saturday,Over 51,Male,Junior high school,2-5yr,Public (12 seats),Owner,Unknown,Other,Asphalt roads,Dry,Daylight,Normal,Vehicle with vehicle collision,2,1,Going straight,Driver or rider,Male,18-30,2,Moving Backward,Slight Injury
3507,14:52:00,Saturday,18-30,Male,Elementary school,Above 10yr,Automobile,Owner,5-10yrs, Church areas,Asphalt roads,Dry,Daylight,Normal,Vehicle with vehicle collision,2,1,Going straight,Driver or rider,Male,5,3,No distancing,Slight Injury
3508,1:50:00,Sunday,18-30,Male,Junior high school,Above 10yr,Stationwagen,Owner,1-2yr,School areas,Asphalt roads,Dry,Darkness - lights lit,Normal,Vehicle with vehicle collision,2,1,Going straight,Pedestrian,Male,Over 51,3,No distancing,Slight Injury
3510,23:45:00,Saturday,18-30,Male,Junior high school,Above 10yr,Automobile,Owner,Above 10yr,Office areas,Asphalt roads with some distress,Dry,Darkness - lights lit,Normal,Vehicle with vehicle collision,2,1,Going straight,Driver or rider,Male,5,3,Changing lane to the left,Slight Injury
3511,23:45:00,Saturday,18-30,Male,Junior high school,Above 10yr,Automobile,Owner,2-5yrs,Other,Asphalt roads,Dry,Darkness - lights lit,Normal,Collision with roadside objects,2,1,Going straight,na,na,na,na,Changing lane to the left,Slight Injury
3514,19:15:00,Sunday,Unknown,Male,High school,Above 10yr,Pick up upto 10Q,Governmental,Above 10yr,Other,Asphalt roads,Dry,Darkness - lights lit,Normal,Vehicle with vehicle collision,1,1,Going straight,na,na,na,na,No priority to vehicle,Slight Injury
3515,21:33:00,Friday,Unknown,Female,Junior high school,5-10yr,Turbo,Organization,5-10yrs,Office areas,Asphalt roads,Dry,Darkness - lights lit,Normal,Vehicle with vehicle collision,2,1,Going straight,Driver or rider,Male,5,3,Moving Backward,Slight Injury
3516,21:33:00,Friday,18-30,Male,Elementary school,unknown,Pick up upto 10Q,Organization,Above 10yr,Other,Asphalt roads,Dry,Darkness - lights lit,Normal,Rollover,2,1,Going straight,na,na,na,na,Driving carelessly,Slight Injury
3517,17:25:00,Monday,31-50,Male,Junior high school,5-10yr,Other,Owner,2-5yrs,Other,Asphalt roads,Dry,Daylight,Normal,Vehicle with vehicle collision,1,1,Going straight,Driver or rider,Male,31-50,3,Driving carelessly,Slight Injury
3518,22:40:00,Monday,31-50,Male,Junior high school,5-10yr,Stationwagen,Governmental,Unknown,Residential areas,Asphalt roads,Wet or damp,Darkness - lights lit,Other,Vehicle with vehicle collision,1,1,Other,na,na,na,na,Driving under the influence of drugs,Slight Injury
3519,17:15:00,Saturday,18-30,Male,Junior high school,Below 1yr,Pick up upto 10Q,Owner,2-5yrs,Office areas,Asphalt roads,Dry,Daylight,Normal,Collision with roadside objects,2,1,Going straight,Driver or rider,Male,Under 18,3,No priority to pedestrian,Slight Injury
3520,17:15:00,Saturday,Unknown,Male,Junior high school,5-10yr,Lorry (41?100Q),Owner,2-5yrs, Church areas,Asphalt roads,Dry,Daylight,Normal,Vehicle with vehicle collision,2,1,Going straight,na,na,na,na,No priority to vehicle,Slight Injury
3522,17:13:00,Tuesday,18-30,Male,Junior high school,2-5yr,Automobile,Owner,Above 10yr,  Market areas,Asphalt roads,Wet or damp,Daylight,Raining,Vehicle with vehicle collision,1,2,Going straight,Driver or rider,Male,18-30,3,Moving Backward,Slight Injury
3523,17:13:00,Tuesday,18-30,Male,Elementary school,2-5yr,Automobile,Owner,Above 10yr,Other,Asphalt roads,Wet or damp,Daylight,Raining,Collision with roadside objects,1,2,Going straight,Passenger,Female,31-50,3,Driving carelessly,Slight Injury
3524,18:44:00,Sunday,31-50,Male,Junior high school,2-5yr,Pick up upto 10Q,Owner,Unknown,Other,Asphalt roads,Dry,Darkness - lights lit,Normal,Collision with roadside objects,2,1,Going straight,Pedestrian,Female,18-30,3,No priority to vehicle,Slight Injury
3525,18:44:00,Sunday,Unknown,Male,Junior high school,Above 10yr,Pick up upto 10Q,Owner,Unknown, Church areas,Asphalt roads,Dry,Darkness - lights lit,Normal,Vehicle with vehicle collision,2,1,Going straight,na,na,na,na,Changing lane to the right,Slight Injury
3526,18:10:00,Wednesday,31-50,Male,Junior high school,2-5yr,Lorry (41?100Q),Governmental,1-2yr,Residential areas,Asphalt roads,Dry,Daylight,Normal,Vehicle with vehicle collision,2,1,Other,Driver or rider,Male,18-30,3,Changing lane to the left,Slight Injury
3527,18:10:00,Wednesday,Unknown,Male,Junior high school,1-2yr,Public (12 seats),Owner,Unknown,Other,Asphalt roads,Dry,Daylight,Normal,Collision with roadside objects,2,1,Going straight,Pedestrian,Female,31-50,3,No priority to vehicle,Slight Injury
3528,15:27:00,Tuesday,Unknown,Male,Junior high school,2-5yr,Other,Owner,Unknown,Other,Asphalt roads,Dry,Daylight,Normal,Collision with roadside objects,1,1,Going straight,Driver or rider,Female,18-30,3,Driving carelessly,Slight Injury
3529,21:38:00,Wednesday,18-30,Male,Junior high school,1-2yr,Stationwagen,Owner,Unknown,Other,Asphalt roads,Dry,Darkness - lights lit,Normal,Vehicle with vehicle collision,2,1,Going straight,na,na,na,na,Moving Backward,Slight Injury
3530,21:38:00,Wednesday,Unknown,Female,Junior high school,5-10yr,Automobile,Owner,Unknown,  Recreational areas,Gravel roads,Dry,Darkness - lights lit,Normal,Collision with pedestrians,2,1,Going straight,na,na,na,na,No distancing,Slight Injury
3531,12:20:00,Wednesday,31-50,Male,Junior high school,5-10yr,Automobile,Owner,Unknown,  Recreational areas,Asphalt roads,Dry,Daylight,Normal,Vehicle with vehicle collision,1,1,Going straight,Driver or rider,Male,31-50,3,Changing lane to the left,Slight Injury
3532,11:00:00,Thursday,18-30,Male,Elementary school,2-5yr,Lorry (41?100Q),Owner,Unknown,Other,Asphalt roads,Wet or damp,Daylight,Raining,Vehicle with vehicle collision,1,1,Going straight,na,na,na,na,Changing lane to the left,Slight Injury
3533,7:58:00,Thursday,31-50,Male,Elementary school,Below 1yr,Stationwagen,Organization,1-2yr,Office areas,Asphalt roads,Wet or damp,Daylight,Raining,Vehicle with vehicle collision,2,1,Going straight,Driver or rider,Male,18-30,3,No distancing,Slight Injury
3534,7:58:00,Thursday,31-50,Male,Unknown,unknown,Lorry (41?100Q),Owner,2-5yrs,Residential areas,Asphalt roads,Wet or damp,Daylight,Raining,Vehicle with vehicle collision,2,1,Going straight,na,na,na,na,Changing lane to the left,Slight Injury
3535,0:31:00,Friday,Over 51,Male,Junior high school,Above 10yr,Public (> 45 seats),Owner,2-5yrs,Other,Asphalt roads,Dry,Darkness - lights lit,Normal,Vehicle with vehicle collision,2,1,Going straight,Driver or rider,Male,18-30,3,Driving carelessly,Slight Injury
3537,15:43:00,Thursday,31-50,Male,Junior high school,5-10yr,Automobile,Owner,Unknown, Church areas,Asphalt roads,Dry,Daylight,Normal,Collision with roadside objects,1,1,Going straight,Driver or rider,Male,18-30,3,No distancing,Slight Injury
3538,20:40:00,Friday,Unknown,Female,Junior high school,1-2yr,Automobile,Owner,2-5yrs,Other,Asphalt roads,Dry,Darkness - lights lit,Normal,Vehicle with vehicle collision,1,1,Going straight,na,na,na,na,Changing lane to the right,Slight Injury
3540,9:16:00,Friday,31-50,Male,Junior high school,Below 1yr,Lorry (41?100Q),Owner,2-5yrs,Other,Asphalt roads,Dry,Daylight,Normal,Vehicle with vehicle collision,2,1,Going straight,Pedestrian,Female,Over 51,3,Driving to the left,Slight Injury
3541,9:16:00,Friday,31-50,Male,Elementary school,2-5yr,Lorry (41?100Q),Owner,Unknown,  Recreational areas,Asphalt roads,Dry,Daylight,Normal,Vehicle with vehicle collision,2,1,Moving Backward,Driver or rider,Male,18-30,3,No distancing,Slight Injury
3542,12:45:00,Saturday,Over 51,Male,Junior high school,5-10yr,Automobile,Owner,Unknown,Other,Asphalt roads,Dry,Daylight,Normal,Vehicle with vehicle collision,1,1,Going straight,na,na,na,na,Overtaking,Slight Injury
3543,14:50:00,Saturday,Over 51,Male,Elementary school,5-10yr,Stationwagen,Owner,1-2yr,Office areas,Asphalt roads,Dry,Daylight,Normal,Vehicle with vehicle collision,4,2,Other,na,na,na,na,Driving under the influence of drugs,Slight Injury
3544,14:50:00,Saturday,Over 51,Male,Junior high school,1-2yr,Public (12 seats),Governmental,Unknown,Residential areas,Asphalt roads,Dry,Daylight,Normal,Vehicle with vehicle collision,4,2,Other,Driver or rider,Female,31-50,3,No priority to pedestrian,Slight Injury
3545,14:50:00,Saturday,Over 51,Male,Junior high school,5-10yr,Public (12 seats),Owner,Unknown,Office areas,Gravel roads,Dry,Daylight,Normal,Vehicle with vehicle collision,4,2,Going straight,Driver or rider,Male,18-30,2,Moving Backward,Slight Injury
3546,14:50:00,Saturday,31-50,Male,Unknown,unknown,Automobile,Owner,Unknown,Office areas,Asphalt roads,Dry,Daylight,Normal,Vehicle with vehicle collision,4,2,Going straight,na,na,na,na,Changing lane to the right,Slight Injury
3547,15:26:00,Saturday,18-30,Male,High school,2-5yr,Public (12 seats),Owner,Unknown, Church areas,Asphalt roads,Dry,Daylight,Normal,Vehicle with vehicle collision,2,2,Going straight,Pedestrian,Female,Under 18,3,Changing lane to the left,Slight Injury
3548,15:26:00,Saturday,Over 51,Male,Junior high school,1-2yr,Public (12 seats),Owner,Unknown, Church areas,Asphalt roads,Dry,Daylight,Normal,Other,2,2,Going straight,Passenger,Female,31-50,3,Changing lane to the right,Slight Injury
3549,16:15:00,Sunday,18-30,Male,Junior high school,5-10yr,Lorry (41?100Q),Owner,Unknown,Residential areas,Asphalt roads,Wet or damp,Daylight,Normal,Vehicle with vehicle collision,2,1,Other,na,na,na,na,Driving under the influence of drugs,Slight Injury
3550,16:15:00,Sunday,18-30,Male,Junior high school,2-5yr,Automobile,Owner,Unknown,Other,Earth roads,Wet or damp,Daylight,Normal,Collision with roadside objects,2,1,Going straight,na,na,na,na,No priority to vehicle,Slight Injury
3551,2:40:00,Sunday,18-30,Male,Junior high school,No Licence,Lorry (41?100Q),Owner,Unknown,Other,Asphalt roads,Wet or damp,Darkness - lights lit,Normal,Vehicle with vehicle collision,2,1,Getting off,Driver or rider,Male,18-30,3,No priority to vehicle,Slight Injury
3554,18:01:00,Monday,Unknown,Female,Junior high school,5-10yr,Stationwagen,Owner,Unknown,Office areas,Gravel roads,Dry,Daylight,Normal,Vehicle with vehicle collision,2,1,Going straight,na,na,na,na,Changing lane to the right,Slight Injury
3557,13:10:00,Wednesday,Unknown,Male,Junior high school,Below 1yr,Automobile,Owner,Unknown,Other,Asphalt roads,Dry,Daylight,Normal,Collision with roadside objects,1,1,Going straight,na,na,na,na,Getting off the vehicle improperly,Slight Injury
3558,9:17:00,Tuesday,31-50,Male,Junior high school,Above 10yr,Stationwagen,Owner,Unknown,  Recreational areas,Earth roads,Dry,Daylight,Normal,Collision with roadside objects,1,1,Moving Backward,Driver or rider,Male,18-30,3,Overtaking,Slight Injury
3559,12:39:00,Tuesday,18-30,Male,Junior high school,Above 10yr,Automobile,Owner,5-10yrs, Church areas,Asphalt roads,Dry,Daylight,Normal,Vehicle with vehicle collision,1,1,Going straight,na,na,na,na,Changing lane to the left,Slight Injury
3560,10:35:00,Tuesday,31-50,Male,Elementary school,2-5yr,Other,Owner,Unknown,School areas,Asphalt roads,Dry,Daylight,Normal,Collision with roadside objects,1,1,Other,Pedestrian,Female,31-50,2,Driving under the influence of drugs,Serious Injury
3561,14:23:00,Tuesday,Unknown,Female,Junior high school,2-5yr,Other,Owner,2-5yrs,Office areas,Asphalt roads,Dry,Daylight,Normal,Collision with roadside objects,1,1,Going straight,na,na,na,na,Driving carelessly,Slight Injury
3562,4:48:00,Wednesday,31-50,Male,Unknown,Above 10yr,Automobile,Owner,1-2yr,Other,Asphalt roads,Dry,Darkness - lights lit,Normal,Vehicle with vehicle collision,2,1,Going straight,Driver or rider,Male,Over 51,3,Moving Backward,Slight Injury
3563,4:48:00,Wednesday,31-50,Male,Elementary school,5-10yr,Lorry (41?100Q),Owner,5-10yrs,Residential areas,Asphalt roads,Dry,Darkness - lights lit,Normal,Vehicle with vehicle collision,2,1,Going straight,Passenger,Female,18-30,3,No distancing,Slight Injury
3564,15:17:00,Wednesday,Unknown,Female,Junior high school,Below 1yr,Lorry (41?100Q),Owner,Above 10yr,Other,Earth roads,Dry,Daylight,Normal,Collision with roadside objects,1,1,Going straight,Passenger,Female,18-30,3,No priority to vehicle,Slight Injury
3566,15:30:00,Wednesday,31-50,Male,Junior high school,Below 1yr,Automobile,Owner,2-5yrs,Office areas,Asphalt roads,Dry,Daylight,Normal,Vehicle with vehicle collision,2,2,Moving Backward,na,na,na,na,Changing lane to the left,Slight Injury
3568,18:55:00,Thursday,31-50,Male,Junior high school,5-10yr,Public (13?45 seats),Owner,Unknown,Other,Asphalt roads,Dry,Daylight,Normal,Vehicle with vehicle collision,1,1,Going straight,Pedestrian,Female,18-30,3,Moving Backward,Serious Injury
3569,2:44:00,Saturday,Unknown,Male,High school,5-10yr,Public (13?45 seats),Organization,2-5yrs,Residential areas,Asphalt roads,Dry,Darkness - lights lit,Normal,Vehicle with vehicle collision,1,1,Going straight,Driver or rider,Female,18-30,3,No priority to vehicle,Slight Injury