,Time,Day_of_week,Age_band_of_driver,Sex_of_driver,Educational_level,Driving_experience,Type_of_vehicle,Owner_of_vehicle,Service_year_of_vehicle,Area_accident_occured,Road_surface_type,Road_surface_conditions,Light_conditions,Weather_conditions,Type_of_collision,Number_of_vehicles_involved,Number_of_casualties,Vehicle_movement,Casualty_class,Sex_of_casualty,Age_band_of_casualty,Casualty_severity,Cause_of_accident,Accident_severity
3571,23:35:00,Thursday,31-50,Male,Junior high school,2-5yr,Lorry (41?100Q),Governmental,Unknown,Residential areas,Asphalt roads,Wet or damp,Darkness - lights lit,Normal,Collision with pedestrians,2,1,Going straight,Pedestrian,Female,31-50,3,No distancing,Slight Injury
3572,23:35:00,Thursday,Unknown,Male,Elementary school,5-10yr,Public (12 seats),Owner,Unknown,Office areas,Asphalt roads,Wet or damp,Darkness - lights lit,Normal,Vehicle with vehicle collision,2,1,Going straight,Driver or rider,Male,18-30,3,No distancing,Slight Injury
3573,3:40:00,Saturday,31-50,Male,Junior high school,2-5yr,Other,Governmental,Below 1yr,Residential areas,Asphalt roads,Dry,Darkness - lights lit,Normal,Collision with roadside objects,1,1,Going straight,na,na,na,na,Overtaking,Slight Injury
3574,11:30:00,Saturday,31-50,Male,Junior high school,Below 1yr,Lorry (41?100Q),Owner,Unknown,Other,Asphalt roads,Dry,Daylight,Normal,Vehicle with vehicle collision,2,1,Going straight,Driver or rider,Male,18-30,3,Driving under the influence of drugs,Slight Injury
3575,11:30:00,Saturday,Over 51,Male,Elementary school,2-5yr,Automobile,Owner,Unknown, Industrial areas,Asphalt roads,Dry,Daylight,Normal,Vehicle with vehicle collision,2,1,Going straight,Pedestrian,Female,31-50,3,Changing lane to the right,Slight Injury
3576,23:15:00,Saturday,18-30,Male,Junior high school,2-5yr,Other,Owner,Unknown, Church areas,Earth roads,Dry,Darkness - lights lit,Normal,Vehicle with vehicle collision,2,1,Going straight,na,na,na,na,Changing lane to the left,Slight Injury
3577,23:15:00,Saturday,18-30,Male,Junior high school,2-5yr,Motorcycle,Owner,2-5yrs,Residential areas,Asphalt roads,Dry,Darkness - lights lit,Normal,Vehicle with vehicle collision,2,1,Going straight,Driver or rider,Male,31-50,3,Driving carelessly,Slight Injury
3580,14:30:00,Tuesday,Unknown,Female,Junior high school,unknown,Lorry (41?100Q),Owner,1-2yr,Office areas,Asphalt roads,Dry,Daylight,Normal,Vehicle with vehicle collision,2,1,Going straight,Driver or rider,Male,18-30,3,Changing lane to the right,Slight Injury
3581,14:30:00,Thursday,Unknown,Female,Junior high school,5-10yr,Automobile,Owner,Above 10yr, Outside rural areas,Other,Dry,Daylight,Normal,Vehicle with vehicle collision,1,1,Going straight,Driver or rider,Male,Under 18,3,No priority to vehicle,Slight Injury
3582,11:30:00,Thursday,31-50,Male,Junior high school,2-5yr,Public (> 45 seats),Owner,Above 10yr, Church areas,Gravel roads,Dry,Daylight,Normal,Vehicle with vehicle collision,1,1,Going straight,na,na,na,na,Driving at high speed,Slight Injury
3583,11:25:00,Friday,31-50,Male,Junior high school,Below 1yr,Lorry (41?100Q),Owner,Unknown,Office areas,Gravel roads,Dry,Daylight,Normal,Collision with roadside objects,2,1,Going straight,Driver or rider,Male,18-30,3,Driving under the influence of drugs,Slight Injury
3584,11:25:00,Friday,Unknown,Male,Junior high school,1-2yr,Public (> 45 seats),Owner,Above 10yr, Church areas,Asphalt roads,Dry,Daylight,Normal,Vehicle with vehicle collision,2,1,Going straight,na,na,na,na,Changing lane to the right,Slight Injury
3586,22:00:00,Saturday,Unknown,Male,Junior high school,Above 10yr,Lorry (41?100Q),Governmental,Unknown,Office areas,Earth roads,Dry,Darkness - lights lit,Normal,Vehicle with vehicle collision,2,1,Going straight,na,na,na,na,No distancing,Slight Injury
3587,15:30:00,Wednesday,Under 18,Male,Junior high school,Below 1yr,Lorry (41?100Q),Owner,1-2yr,School areas,Asphalt roads,Dry,Daylight,Normal,Vehicle with vehicle collision,2,1,Going straight,Driver or rider,Female,18-30,3,Changing lane to the left,Slight Injury
3589,9:57:00,Tuesday,31-50,Male,Junior high school,1-2yr,Public (12 seats),Owner,Unknown,Office areas,Asphalt roads,Dry,Daylight,Normal,Collision with pedestrians,2,1,Going straight,na,na,na,na,No distancing,Slight Injury
3590,9:57:00,Tuesday,Unknown,Male,Elementary school,5-10yr,Stationwagen,Owner,Unknown,Rural village areasOffice areas,Asphalt roads,Dry,Daylight,Normal,Vehicle with vehicle collision,2,1,Going straight,Driver or rider,Male,18-30,3,Getting off the vehicle improperly,Slight Injury
3591,18:12:00,Tuesday,31-50,Male,Junior high school,Below 1yr,Lorry (41?100Q),Owner,Unknown,Other,Earth roads,Dry,Daylight,Normal,Vehicle with vehicle collision,1,1,Going straight,Pedestrian,Female,31-50,2,Overtaking,Slight Injury
3592,17:06:00,Tuesday,31-50,Male,Junior high school,Below 1yr,Automobile,Owner,Unknown,Residential areas,Asphalt roads,Dry,Daylight,Normal,Vehicle with vehicle collision,2,1,Going straight,Driver or rider,Male,18-30,3,Driving carelessly,Slight Injury
3593,17:06:00,Tuesday,18-30,Male,Writing & reading,Below 1yr,Pick up upto 10Q,Owner,Unknown,Office areas,Asphalt roads,Dry,Daylight,Normal,Collision with pedestrians,2,1,Getting off,na,na,na,na,Driving under the influence of drugs,Slight Injury
3594,8:25:00,Tuesday,18-30,Male,Junior high school,1-2yr,Automobile,Owner,Unknown,Office areas,Asphalt roads,Dry,Daylight,Normal,Collision with roadside objects,1,1,Going straight,na,na,na,na,Moving Backward,Slight Injury
3596,6:40:00,Thursday,31-50,Male,Junior high school,2-5yr,Public (> 45 seats),Owner,Unknown,Office areas,Asphalt roads,Dry,Daylight,Normal,Vehicle with vehicle collision,2,1,Turnover,na,na,na,na,Driving under the influence of drugs,Slight Injury
3600,9:40:00,Tuesday,Unknown,Male,Junior high school,5-10yr,Stationwagen,Owner,Unknown,Other,Asphalt roads,Dry,Daylight,Normal,Vehicle with vehicle collision,1,1,Going straight,Passenger,Male,Under 18,3,No distancing,Slight Injury
3602,9:05:00,Thursday,18-30,Male,Junior high school,Above 10yr,Public (12 seats),Owner,2-5yrs,Other,Earth roads,Dry,Daylight,Normal,Collision with roadside objects,2,1,Going straight,Pedestrian,Female,31-50,3,Moving Backward,Serious Injury
3604,9:40:00,Friday,18-30,Male,Junior high school,Above 10yr,Other,Owner,2-5yrs,School areas,Asphalt roads,Dry,Daylight,Normal,Vehicle with vehicle collision,2,1,Going straight,Driver or rider,Female,31-50,3,Getting off the vehicle improperly,Slight Injury
3606,20:18:00,Thursday,18-30,Male,Junior high school,Below 1yr,Automobile,Owner,2-5yrs,Office areas,Asphalt roads,Dry,Darkness - lights lit,Normal,Vehicle with vehicle collision,2,1,Going straight,Driver or rider,Male,18-30,3,Changing lane to the left,Slight Injury
3607,20:18:00,Thursday,31-50,Male,Junior high school,Below 1yr,Public (> 45 seats),Owner,Unknown, Church areas,Earth roads,Dry,Darkness - lights lit,Normal,Vehicle with vehicle collision,2,1,Going straight,na,na,na,na,No priority to vehicle,Slight Injury
3608,20:00:00,Friday,31-50,Male,Junior high school,5-10yr,Other,Owner,Unknown,Other,Asphalt roads,Dry,Darkness - lights lit,Normal,Vehicle with vehicle collision,2,1,Going straight,Driver or rider,Male,31-50,3,Changing lane to the right,Slight Injury
3609,20:00:00,Friday,31-50,Male,Junior high school,2-5yr,Lorry (41?100Q),Owner,2-5yrs,Other,Asphalt roads,Dry,Darkness - lights lit,Normal,Rollover,2,1,Going straight,na,na,na,na,Changing lane to the right,Slight Injury
3610,13:15:00,Sunday,18-30,Male,Elementary school,Below 1yr,Automobile,Owner,5-10yrs,Other,Asphalt roads,Dry,Daylight,Normal,Vehicle with vehicle collision,2,1,Going straight,na,na,na,na,Driving carelessly,Slight Injury
3611,13:15:00,Sunday,Unknown,Male,Junior high school,2-5yr,Public (> 45 seats),Owner,Unknown,Other,Asphalt roads,Dry,Daylight,Normal,Collision with roadside objects,2,1,Other,Driver or rider,Male,31-50,3,Changing lane to the left,Slight Injury
3613,22:39:00,Saturday,31-50,Male,High school,Above 10yr,Automobile,Owner,Unknown,Office areas,Asphalt roads,Dry,Darkness - lights lit,Normal,Vehicle with vehicle collision,2,2,Going straight,na,na,na,na,Driving under the influence of drugs,Slight Injury
3614,22:39:00,Saturday,Over 51,Male,High school,Above 10yr,Pick up upto 10Q,Owner,Unknown,Residential areas,Asphalt roads,Dry,Darkness - lights lit,Normal,Vehicle with vehicle collision,2,2,Going straight,Driver or rider,Male,Under 18,3,Driving carelessly,Slight Injury
3615,17:18:00,Sunday,31-50,Male,Junior high school,5-10yr,Public (12 seats),Owner,Unknown,Office areas,Asphalt roads,Dry,Daylight,Normal,Vehicle with vehicle collision,2,2,Getting off,Passenger,Male,Under 18,3,No distancing,Slight Injury
3616,17:18:00,Sunday,31-50,Male,Elementary school,1-2yr,Lorry (41?100Q),Owner,Unknown,Residential areas,Other,Dry,Daylight,Normal,Vehicle with vehicle collision,2,2,Going straight,na,na,na,na,No priority to vehicle,Slight Injury
3617,8:55:00,Friday,18-30,Male,Elementary school,5-10yr,Lorry (41?100Q),Owner,Unknown,Office areas,Asphalt roads,Dry,Daylight,Normal,Vehicle with vehicle collision,2,1,Going straight,na,na,na,na,No priority to vehicle,Slight Injury
3618,8:55:00,Friday,Unknown,Male,Junior high school,5-10yr,Lorry (41?100Q),Owner,Unknown,Other,Asphalt roads,Dry,Daylight,Normal,Vehicle with vehicle collision,2,1,Going straight,Driver or rider,Male,31-50,2,No priority to vehicle,Slight Injury
3619,10:00:00,Friday,18-30,Male,Junior high school,1-2yr,Public (13?45 seats),Owner,Unknown,Office areas,Asphalt roads,Dry,Daylight,Normal,Vehicle with vehicle collision,2,1,Going straight,na,na,na,na,Changing lane to the left,Slight Injury
3620,10:00:00,Friday,Unknown,Male,Junior high school,5-10yr,Lorry (41?100Q),Owner,Unknown,School areas,Asphalt roads,Dry,Daylight,Normal,Collision with roadside objects,2,1,Going straight,Driver or rider,Male,31-50,3,Moving Backward,Slight Injury
3621,8:55:00,Saturday,18-30,Male,High school,Above 10yr,Lorry (41?100Q),Owner,Unknown,Residential areas,Asphalt roads,Dry,Daylight,Normal,Rollover,2,1,Getting off,Pedestrian,Male,18-30,3,Driving carelessly,Slight Injury
3622,8:55:00,Saturday,Unknown,Male,Unknown,Below 1yr,Motorcycle,Owner,Unknown,Office areas,Asphalt roads,Dry,Daylight,Normal,Vehicle with vehicle collision,2,1,Going straight,na,na,na,na,Driving under the influence of drugs,Slight Injury
3623,17:15:00,Thursday,Unknown,Male,Writing & reading,5-10yr,Lorry (41?100Q),Owner,Unknown,Residential areas,Asphalt roads,Dry,Daylight,Normal,Collision with pedestrians,1,1,Going straight,Driver or rider,Male,18-30,3,Changing lane to the right,Slight Injury
3624,1:37:00,Tuesday,Unknown,Male,Above high school,Above 10yr,Ridden horse,Owner,Above 10yr,Office areas,Earth roads,Dry,Darkness - lights lit,Normal,Vehicle with vehicle collision,1,1,Other,Pedestrian,Male,31-50,2,No priority to vehicle,Slight Injury
3625,15:45:00,Monday,Over 51,Male,High school,Below 1yr,Automobile,Owner,Above 10yr,Residential areas,Asphalt roads,Dry,Daylight,Normal,Vehicle with vehicle collision,3,1,Going straight,Driver or rider,Male,Under 18,3,Changing lane to the right,Slight Injury
3626,15:45:00,Monday,18-30,Male,Junior high school,1-2yr,Lorry (41?100Q),Owner,Unknown,Other,Asphalt roads,Dry,Daylight,Normal,Collision with pedestrians,3,1,Going straight,na,na,na,na,Driving to the left,Slight Injury
3627,15:45:00,Monday,31-50,Male,Junior high school,Above 10yr,Pick up upto 10Q,Other,Unknown,Other,Asphalt roads,Dry,Daylight,Normal,Collision with pedestrians,3,1,Going straight,Driver or rider,Male,31-50,3,Moving Backward,Slight Injury
3628,11:05:00,Monday,31-50,Male,Junior high school,Above 10yr,Public (> 45 seats),Owner,5-10yrs,Office areas,Asphalt roads,Dry,Daylight,Normal,Vehicle with vehicle collision,1,1,Going straight,na,na,na,na,No priority to vehicle,Slight Injury
3629,9:10:00,Monday,Over 51,Male,Junior high school,Above 10yr,Stationwagen,Owner,Above 10yr,Office areas,Asphalt roads,Dry,Daylight,Normal,Vehicle with vehicle collision,2,1,Going straight,Pedestrian,Male,31-50,3,No distancing,Slight Injury
3630,9:10:00,Monday,31-50,Male,Junior high school,No Licence,Automobile,Owner,2-5yrs,Residential areas,Asphalt roads,Dry,Daylight,Normal,Vehicle with vehicle collision,2,1,Reversing,Driver or rider,Male,18-30,3,Driving carelessly,Slight Injury
3631,9:30:00,Tuesday,Unknown,Female,Junior high school,1-2yr,Public (12 seats),Owner,Unknown,Other,Asphalt roads,Dry,Daylight,Normal,Vehicle with vehicle collision,1,1,Other,na,na,na,na,Changing lane to the left,Serious Injury
3632,20:08:00,Tuesday,Unknown,Female,Illiterate,1-2yr,Automobile,Governmental,Unknown,Other,Asphalt roads,Dry,Darkness - lights lit,Normal,Vehicle with vehicle collision,2,1,Going straight,Driver or rider,Male,31-50,3,No priority to vehicle,Slight Injury
3633,20:08:00,Tuesday,Unknown,Male,Junior high school,Below 1yr,Automobile,Owner,Unknown,Office areas,Asphalt roads,Dry,Darkness - lights lit,Normal,Collision with roadside objects,2,1,Going straight,na,na,na,na,No priority to vehicle,Slight Injury
3634,18:54:00,Tuesday,31-50,Male,Junior high school,1-2yr,Automobile,Owner,Unknown,Office areas,Asphalt roads,Dry,Daylight,Normal,Vehicle with vehicle collision,1,1,Going straight,Driver or rider,Male,31-50,3,No distancing,Slight Injury
3635,14:28:00,Tuesday,Over 51,Male,Junior high school,2-5yr,Lorry (41?100Q),Owner,Unknown, Church areas,Asphalt roads,Dry,Daylight,Normal,Vehicle with vehicle collision,1,1,Going straight,na,na,na,na,Driving to the left,Slight Injury
3636,13:35:00,Tuesday,31-50,Male,Unknown,5-10yr,Automobile,Governmental,Unknown,Other,Asphalt roads,Dry,Daylight,Normal,Vehicle with vehicle collision,2,1,Going straight,na,na,na,na,Driving carelessly,Slight Injury
3637,13:35:00,Tuesday,Unknown,Male,Unknown,Above 10yr,Automobile,Owner,Unknown,Office areas,Asphalt roads,Dry,Daylight,Normal,Vehicle with vehicle collision,2,1,Going straight,Driver or rider,Male,31-50,3,Driving carelessly,Slight Injury
3638,16:00:00,Tuesday,Unknown,Female,Junior high school,2-5yr,Public (12 seats),Owner,1-2yr,Office areas,Asphalt roads,Dry,Daylight,Normal,Vehicle with vehicle collision,2,1,Going straight,na,na,na,na,Changing lane to the right,Slight Injury
3639,16:00:00,Tuesday,31-50,Male,Elementary school,Above 10yr,Taxi,Owner,Below 1yr,Residential areas,Asphalt roads,Dry,Daylight,Normal,Vehicle with vehicle collision,2,1,Going straight,Driver or rider,Male,5,3,Driving carelessly,Slight Injury
3641,19:17:00,Tuesday,Over 51,Male,Unknown,unknown,Public (12 seats),Owner,5-10yrs,Residential areas,Asphalt roads,Dry,Darkness - lights lit,Normal,Vehicle with vehicle collision,1,1,Moving Backward,na,na,na,na,Driving carelessly,Serious Injury
3643,8:05:00,Wednesday,31-50,Male,Junior high school,Below 1yr,Stationwagen,Owner,5-10yrs,Office areas,Asphalt roads,Dry,Daylight,Normal,Vehicle with vehicle collision,1,2,Turnover,Pedestrian,Female,Under 18,3,Driving under the influence of drugs,Serious Injury
3644,8:05:00,Wednesday,31-50,Male,Junior high school,2-5yr,Automobile,Owner,Above 10yr,Other,Asphalt roads,Dry,Daylight,Normal,Vehicle with vehicle collision,1,2,Other,Driver or rider,Male,18-30,3,Driving carelessly,Serious Injury
3645,13:15:00,Wednesday,18-30,Male,Elementary school,2-5yr,Lorry (41?100Q),Owner,1-2yr,Other,Asphalt roads,Dry,Daylight,Normal,Vehicle with vehicle collision,2,2,Other,na,na,na,na,No distancing,Slight Injury
3646,13:15:00,Wednesday,18-30,Male,Junior high school,2-5yr,Automobile,Owner,2-5yrs,Office areas,Asphalt roads,Dry,Daylight,Normal,Vehicle with vehicle collision,2,2,Going straight,Driver or rider,Male,18-30,3,Driving carelessly,Slight Injury
3647,22:40:00,Wednesday,31-50,Male,Junior high school,2-5yr,Public (12 seats),Owner,Unknown,Residential areas,Asphalt roads,Dry,Darkness - lights lit,Normal,Vehicle with vehicle collision,1,1,Going straight,na,na,na,na,Driving to the left,Slight Injury
3648,22:38:00,Wednesday,31-50,Male,Junior high school,5-10yr,Automobile,Owner,Unknown,Other,Asphalt roads,Dry,Darkness - lights lit,Normal,Vehicle with vehicle collision,2,2,Other,na,na,na,na,Overtaking,Slight Injury
3649,22:38:00,Wednesday,31-50,Male,Junior high school,5-10yr,Automobile,Organization,2-5yrs,Residential areas,Asphalt roads,Dry,Darkness - lights lit,Normal,Collision with roadside objects,2,2,Other,Driver or rider,Female,Over 51,3,No distancing,Slight Injury
3650,22:38:00,Wednesday,Unknown,Male,Junior high school,Above 10yr,Lorry (41?100Q),Owner,Unknown, Church areas,Asphalt roads,Dry,Darkness - lights lit,Normal,Vehicle with vehicle collision,2,2,Going straight,na,na,na,na,Driving carelessly,Slight Injury
3651,17:15:00,Monday,31-50,Male,Elementary school,5-10yr,Automobile,Governmental,Unknown,Residential areas,Asphalt roads,Dry,Darkness - lights lit,Normal,Vehicle with vehicle collision,1,1,Reversing,Driver or rider,Male,Under 18,3,No priority to vehicle,Slight Injury
3652,10:30:00,Saturday,31-50,Male,Junior high school,5-10yr,Motorcycle,Owner,Unknown,Office areas,Gravel roads,Wet or damp,Daylight,Raining,Vehicle with vehicle collision,2,2,Other,Pedestrian,Female,Under 18,3,No priority to vehicle,Slight Injury
3654,16:39:00,Friday,Unknown,Male,Elementary school,unknown,Automobile,Owner,Unknown,Other,Asphalt roads,Dry,Daylight,Normal,Collision with pedestrians,2,1,Going straight,Passenger,Male,Under 18,3,No priority to vehicle,Slight Injury
3655,16:39:00,Friday,18-30,Male,Junior high school,5-10yr,Automobile,Owner,Unknown, Industrial areas,Asphalt roads,Dry,Daylight,Normal,Vehicle with vehicle collision,2,1,Going straight,Passenger,Female,Under 18,3,No distancing,Slight Injury
3656,16:44:00,Sunday,31-50,Male,Junior high school,5-10yr,Automobile,Owner,Unknown, Church areas,Asphalt roads,Dry,Daylight,Normal,Vehicle with vehicle collision,2,1,Going straight,Passenger,Male,Under 18,3,Moving Backward,Slight Injury
3657,16:44:00,Sunday,31-50,Male,Junior high school,Below 1yr,Public (> 45 seats),Owner,2-5yrs,Residential areas,Asphalt roads,Dry,Daylight,Normal,Vehicle with vehicle collision,2,1,Going straight,Driver or rider,Male,18-30,3,No distancing,Slight Injury
3660,18:49:00,Wednesday,31-50,Male,Junior high school,5-10yr,Automobile,Owner,1-2yr,Office areas,Asphalt roads,Dry,Daylight,Normal,Vehicle with vehicle collision,2,1,Going straight,Driver or rider,Male,18-30,3,No priority to pedestrian,Slight Injury
3661,8:18:00,Friday,18-30,Male,Junior high school,Above 10yr,Other,Owner,Above 10yr, Outside rural areas,Asphalt roads,Dry,Daylight,Normal,Vehicle with vehicle collision,2,1,Going straight,na,na,na,na,Moving Backward,Slight Injury
3662,8:18:00,Friday,Over 51,Male,High school,Above 10yr,Stationwagen,Owner,Above 10yr, Church areas,Asphalt roads,Dry,Daylight,Normal,Vehicle with vehicle collision,2,1,Going straight,Driver or rider,Male,31-50,3,Changing lane to the left,Slight Injury
3663,9:31:00,Monday,Over 51,Male,Junior high school,Above 10yr,Lorry (41?100Q),Owner,Unknown,Office areas,Asphalt roads,Dry,Daylight,Normal,Collision with pedestrians,1,1,Other,na,na,na,na,No distancing,Serious Injury
3664,16:30:00,Friday,31-50,Male,Junior high school,Above 10yr,Taxi,Owner,Above 10yr, Church areas,Asphalt roads,Dry,Daylight,Normal,Vehicle with vehicle collision,1,1,Going straight,Driver or rider,Male,5,3,No priority to vehicle,Slight Injury
3666,21:00:00,Thursday,Unknown,Male,Junior high school,Above 10yr,Public (12 seats),Governmental,Unknown,Office areas,Asphalt roads,Dry,Darkness - no lighting,Unknown,Vehicle with vehicle collision,2,1,Moving Backward,na,na,na,na,No distancing,Slight Injury
3667,18:00:00,Friday,Unknown,Female,Junior high school,5-10yr,Automobile,Owner,1-2yr,School areas,Asphalt roads,Dry,Daylight,Normal,Vehicle with vehicle collision,1,1,Going straight,Driver or rider,Male,31-50,3,No distancing,Slight Injury
3668,20:13:00,Monday,Under 18,Male,Junior high school,2-5yr,Automobile,Owner,Below 1yr,Residential areas,Asphalt roads,Wet or damp,Daylight,Raining,Collision with roadside objects,2,1,Moving Backward,na,na,na,na,Getting off the vehicle improperly,Slight Injury
3669,20:13:00,Monday,31-50,Male,Junior high school,Below 1yr,Public (13?45 seats),Owner,Unknown,Office areas,Asphalt roads,Wet or damp,Daylight,Raining,Vehicle with vehicle collision,2,1,Other,Pedestrian,Female,Over 51,2,No priority to pedestrian,Slight Injury
3670,4:45:00,Saturday,18-30,Male,Junior high school,Below 1yr,Lorry (41?100Q),Owner,Unknown,Rural village areasOffice areas,Other,Dry,Darkness - lights lit,Normal,Vehicle with vehicle collision,2,1,Going straight,Pedestrian,Female,18-30,3,Changing lane to the left,Slight Injury
3671,4:45:00,Saturday,Unknown,Male,Junior high school,2-5yr,Lorry (41?100Q),Owner,Unknown,Other,Asphalt roads,Dry,Darkness - lights lit,Normal,Vehicle with vehicle collision,2,1,Reversing,na,na,na,na,No distancing,Slight Injury
3672,8:12:00,Thursday,18-30,Male,Elementary school,Below 1yr,Lorry (11?40Q),Owner,Unknown,Residential areas,Asphalt roads,Dry,Daylight,Normal,Vehicle with vehicle collision,1,1,Going straight,Driver or rider,Male,18-30,3,Driving carelessly,Slight Injury
3673,9:45:00,Thursday,Unknown,Female,Junior high school,Below 1yr,Motorcycle,Owner,Unknown,Office areas,Asphalt roads,Dry,Daylight,Normal,Vehicle with vehicle collision,2,1,Other,Driver or rider,Female,31-50,3,No distancing,Slight Injury
3674,9:45:00,Thursday,18-30,Male,Junior high school,unknown,Lorry (41?100Q),Owner,Unknown,Office areas,Asphalt roads,Dry,Daylight,Normal,Vehicle with vehicle collision,2,1,Other,na,na,na,na,Changing lane to the right,Slight Injury
3675,13:24:00,Thursday,Over 51,Male,Unknown,5-10yr,Stationwagen,Owner,Unknown,Residential areas,Asphalt roads,Dry,Daylight,Unknown,Vehicle with vehicle collision,1,1,Other,Driver or rider,Female,31-50,3,Overtaking,Slight Injury
3676,12:42:00,Saturday,18-30,Male,Writing & reading,Below 1yr,Automobile,Owner,Unknown,Office areas,Asphalt roads,Dry,Daylight,Normal,Collision with roadside objects,1,1,Stopping,na,na,na,na,Driving carelessly,Slight Injury
3677,11:50:00,Friday,18-30,Male,Junior high school,Below 1yr,Other,Owner,Unknown,Office areas,Asphalt roads,Dry,Daylight,Normal,Vehicle with vehicle collision,1,1,Other,Driver or rider,Male,18-30,3,Moving Backward,Serious Injury
3678,14:50:00,Friday,31-50,Male,Junior high school,1-2yr,Other,Owner,Unknown,Office areas,Other,Dry,Daylight,Unknown,Vehicle with vehicle collision,2,3,Other,na,na,na,na,No distancing,Slight Injury
3679,14:50:00,Friday,18-30,Male,Elementary school,Above 10yr,Taxi,Owner,Unknown,Office areas,Asphalt roads,Dry,Daylight,Unknown,Vehicle with vehicle collision,2,3,Other,Pedestrian,Female,Over 51,3,Overtaking,Slight Injury
3680,14:50:00,Friday,18-30,Male,Elementary school,Above 10yr,Automobile,Owner,Unknown,Other,Asphalt roads,Dry,Daylight,Unknown,Vehicle with vehicle collision,2,3,Going straight,na,na,na,na,Driving carelessly,Slight Injury
3681,14:50:00,Friday,18-30,Male,Elementary school,Below 1yr,Long lorry,Owner,Unknown,Other,Asphalt roads,Dry,Daylight,Unknown,Rollover,2,3,Going straight,Passenger,Female,Under 18,3,Driving carelessly,Slight Injury
3682,16:15:00,Wednesday,Unknown,Male,High school,2-5yr,Long lorry,Owner,2-5yrs,Other,Asphalt roads,Dry,Daylight,Normal,Vehicle with vehicle collision,2,1,Going straight,Pedestrian,Male,5,2,Moving Backward,Slight Injury
3683,16:15:00,Wednesday,Over 51,Male,Junior high school,2-5yr,Lorry (41?100Q),Owner,2-5yrs,Residential areas,Asphalt roads,Dry,Daylight,Normal,Vehicle with vehicle collision,2,1,Going straight,na,na,na,na,Driving carelessly,Slight Injury
3684,23:50:00,Saturday,Unknown,Male,Above high school,Above 10yr,Lorry (41?100Q),Owner,2-5yrs,School areas,Asphalt roads,Wet or damp,Darkness - lights lit,Normal,Collision with roadside objects,2,1,Going straight,Passenger,Female,18-30,2,Driving to the left,Slight Injury
3685,23:50:00,Saturday,18-30,Male,Junior high school,2-5yr,Lorry (11?40Q),Owner,2-5yrs,Residential areas,Asphalt roads,Wet or damp,Darkness - lights lit,Normal,Vehicle with vehicle collision,2,1,Going straight,Pedestrian,Male,31-50,3,Changing lane to the left,Slight Injury
3686,15:20:00,Tuesday,Unknown,Male,Junior high school,2-5yr,Automobile,Owner,2-5yrs,Office areas,Asphalt roads,Dry,Daylight,Normal,Vehicle with vehicle collision,2,1,Going straight,na,na,na,na,No distancing,Slight Injury
3688,14:52:00,Tuesday,31-50,Male,Junior high school,5-10yr,Other,Owner,Unknown,Other,Other,Dry,Daylight,Normal,Collision with roadside objects,2,1,Going straight,na,na,na,na,Changing lane to the right,Serious Injury
3689,14:52:00,Tuesday,Under 18,Male,Junior high school,Below 1yr,Automobile,Owner,2-5yrs,Other,Asphalt roads,Dry,Daylight,Normal,Collision with roadside objects,2,1,Going straight,Driver or rider,Male,Under 18,3,Driving under the influence of drugs,Serious Injury
3690,19:35:00,Tuesday,Over 51,Male,Junior high school,Below 1yr,Automobile,Owner,5-10yrs,Other,Asphalt roads,Dry,Darkness - lights unlit,Normal,Vehicle with vehicle collision,2,1,Going straight,Pedestrian,Male,31-50,3,Changing lane to the right,Serious Injury
3691,19:35:00,Tuesday,31-50,Male,Elementary school,unknown,Automobile,Owner,Unknown,Other,Asphalt roads,Dry,Darkness - lights unlit,Normal,Vehicle with vehicle collision,2,1,Reversing,Pedestrian,Female,Over 51,2,Changing lane to the left,Serious Injury
3692,17:35:00,Saturday,31-50,Male,Junior high school,Below 1yr,Automobile,Owner,Unknown,Office areas,Asphalt roads,Dry,Daylight,Normal,Collision with roadside objects,2,8,Going straight,Driver or rider,Male,31-50,3,Moving Backward,Slight Injury
3693,17:35:00,Saturday,31-50,Male,Junior high school,1-2yr,Public (> 45 seats),Owner,Unknown,Office areas,Asphalt roads with some distress,Dry,Daylight,Normal,Collision with roadside objects,2,8,Other,na,na,na,na,No distancing,Slight Injury
3695,17:35:00,Saturday,31-50,Male,High school,1-2yr,Lorry (41?100Q),Owner,Unknown,Office areas,Asphalt roads,Dry,Daylight,Normal,Vehicle with vehicle collision,2,8,Getting off,Driver or rider,Male,18-30,3,Moving Backward,Slight Injury
3696,17:35:00,Saturday,31-50,Male,Junior high school,5-10yr,Lorry (41?100Q),Owner,Unknown,Residential areas,Asphalt roads,Dry,Daylight,Normal,Vehicle with vehicle collision,2,8,Going straight,Pedestrian,Female,Under 18,3,No distancing,Slight Injury
3697,17:35:00,Saturday,18-30,Male,Junior high school,Below 1yr,Stationwagen,Owner,Unknown,Office areas,Asphalt roads,Dry,Daylight,Normal,Collision with roadside objects,2,8,Going straight,na,na,na,na,Driving to the left,Slight Injury
3698,17:35:00,Saturday,18-30,Male,High school,Above 10yr,Other,Owner,Unknown,Other,Asphalt roads,Dry,Daylight,Normal,Vehicle with vehicle collision,2,8,Going straight,Driver or rider,Male,18-30,3,Driving to the left,Slight Injury