,Time,Day_of_week,Age_band_of_driver,Sex_of_driver,Educational_level,Driving_experience,Type_of_vehicle,Owner_of_vehicle,Service_year_of_vehicle,Area_accident_occured,Road_surface_type,Road_surface_conditions,Light_conditions,Weather_conditions,Type_of_collision,Number_of_vehicles_involved,Number_of_casualties,Vehicle_movement,Casualty_class,Sex_of_casualty,Age_band_of_casualty,Casualty_severity,Cause_of_accident,Accident_severity
4227,12:00:00,Saturday,Over 51,Male,Junior high school,Above 10yr,Public (> 45 seats),Owner,2-5yrs,Office areas,Asphalt roads,Dry,Daylight,Normal,Vehicle with vehicle collision,2,2,Other,na,na,na,na,No priority to vehicle,Slight Injury
4230,14:51:00,Friday,Under 18,Male,Junior high school,2-5yr,Lorry (11?40Q),Owner,Unknown,Other,Asphalt roads,Dry,Daylight,Normal,Collision with pedestrians,2,2,Turnover,Driver or rider,Male,31-50,3,No distancing,Slight Injury
4231,13:30:00,Friday,18-30,Male,Junior high school,1-2yr,Public (13?45 seats),Owner,Above 10yr,Residential areas,Asphalt roads,Dry,Daylight,Normal,Collision with pedestrians,2,1,Going straight,na,na,na,na,Driving carelessly,Slight Injury
4232,13:30:00,Friday,Unknown,Male,Junior high school,5-10yr,Public (13?45 seats),Owner,Unknown, Church areas,Asphalt roads,Dry,Daylight,Normal,Vehicle with vehicle collision,2,1,Moving Backward,Driver or rider,Male,31-50,3,No distancing,Slight Injury
4234,19:02:00,Tuesday,18-30,Male,Elementary school,5-10yr,Long lorry,Owner,2-5yrs,Residential areas,Asphalt roads,Dry,Daylight,Normal,Vehicle with vehicle collision,2,2,Going straight,Pedestrian,Male,Under 18,3,No distancing,Serious Injury
4235,19:02:00,Tuesday,18-30,Male,Above high school,5-10yr,Lorry (41?100Q),Owner,Unknown,Office areas,Asphalt roads,Dry,Daylight,Normal,Vehicle with vehicle collision,2,2,Other,Pedestrian,Male,18-30,3,Moving Backward,Serious Injury
4236,21:06:00,Friday,31-50,Male,Junior high school,2-5yr,Lorry (11?40Q),Owner,5-10yrs,Office areas,Asphalt roads,Dry,Darkness - lights lit,Normal,Vehicle with vehicle collision,2,1,Going straight,na,na,na,na,No priority to pedestrian,Slight Injury
4237,21:06:00,Friday,18-30,Male,Junior high school,2-5yr,Lorry (41?100Q),Owner,2-5yrs,Residential areas,Asphalt roads,Dry,Darkness - lights lit,Normal,Vehicle with vehicle collision,2,1,Going straight,Driver or rider,Male,31-50,3,Changing lane to the left,Slight Injury
4238,6:02:00,Sunday,18-30,Male,Junior high school,2-5yr,Public (12 seats),Owner,5-10yrs, Church areas,Asphalt roads,Wet or damp,Daylight,Raining,Vehicle with vehicle collision,1,1,Going straight,Driver or rider,Male,18-30,3,No distancing,Slight Injury
4240,12:20:00,Saturday,18-30,Male,Junior high school,1-2yr,Taxi,Owner,Unknown,Office areas,Asphalt roads,Dry,Daylight,Normal,Vehicle with vehicle collision,2,2,Going straight,na,na,na,na,No distancing,Slight Injury
4242,12:25:00,Tuesday,Unknown,Female,High school,2-5yr,Automobile,Owner,Unknown,Other,Asphalt roads,Dry,Daylight,Normal,Vehicle with vehicle collision,2,1,Going straight,Driver or rider,Male,31-50,3,Moving Backward,Slight Injury
4244,12:00:00,Monday,Unknown,Male,Junior high school,1-2yr,Lorry (41?100Q),Governmental,2-5yrs,Residential areas,Asphalt roads,Dry,Daylight,Unknown,Vehicle with vehicle collision,2,1,Other,Driver or rider,Male,31-50,3,No distancing,Slight Injury
4245,12:00:00,Monday,Unknown,Male,Junior high school,Below 1yr,Automobile,Owner,Below 1yr, Church areas,Asphalt roads,Dry,Daylight,Unknown,Vehicle with vehicle collision,2,1,Going straight,na,na,na,na,No priority to pedestrian,Slight Injury
4247,6:54:00,Sunday,31-50,Male,Above high school,1-2yr,Lorry (41?100Q),Owner,Unknown,Other,Asphalt roads,Wet or damp,Daylight,Raining,Vehicle with vehicle collision,2,1,Going straight,na,na,na,na,Getting off the vehicle improperly,Slight Injury
4248,21:45:00,Tuesday,31-50,Male,Junior high school,Above 10yr,Automobile,Owner,Unknown,Residential areas,Asphalt roads,Dry,Darkness - lights lit,Normal,Vehicle with vehicle collision,2,1,Going straight,Pedestrian,Male,18-30,2,Driving carelessly,Slight Injury
4249,21:45:00,Tuesday,18-30,Male,High school,1-2yr,Automobile,Owner,Unknown,Office areas,Asphalt roads,Dry,Darkness - lights lit,Normal,Vehicle with vehicle collision,2,1,Going straight,Pedestrian,Female,Under 18,3,Changing lane to the left,Slight Injury
4250,16:50:00,Wednesday,Over 51,Male,Junior high school,2-5yr,Automobile,Owner,Unknown, Industrial areas,Asphalt roads,Dry,Daylight,Normal,Vehicle with vehicle collision,2,1,U-Turn,Pedestrian,Female,18-30,3,No priority to vehicle,Slight Injury
4251,16:50:00,Wednesday,Over 51,Male,Above high school,2-5yr,Taxi,Governmental,Unknown,Residential areas,Asphalt roads,Dry,Daylight,Normal,Vehicle with vehicle collision,2,1,Going straight,na,na,na,na,Changing lane to the right,Slight Injury
4254,5:30:00,Wednesday,18-30,Male,High school,1-2yr,Automobile,Owner,Unknown, Church areas,Asphalt roads,Wet or damp,Daylight,Other,Collision with roadside objects,2,1,Going straight,Driver or rider,Female,18-30,3,No distancing,Slight Injury
4255,14:02:00,Monday,Under 18,Male,High school,5-10yr,Pick up upto 10Q,Owner,Above 10yr, Industrial areas,Asphalt roads,Dry,Daylight,Normal,Vehicle with vehicle collision,2,1,Turnover,Pedestrian,Male,18-30,3,Changing lane to the left,Slight Injury
4257,20:04:00,Sunday,31-50,Male,Junior high school,1-2yr,Automobile,Owner,Unknown,  Market areas,Asphalt roads,Dry,Daylight,Normal,Vehicle with vehicle collision,2,1,Going straight,Driver or rider,Male,31-50,3,No priority to vehicle,Slight Injury
4258,20:04:00,Sunday,18-30,Male,Above high school,Above 10yr,Public (12 seats),Owner,Unknown,Other,Asphalt roads,Dry,Daylight,Normal,Vehicle with vehicle collision,2,1,Moving Backward,Driver or rider,Female,18-30,3,Changing lane to the left,Slight Injury
4259,22:46:00,Friday,Under 18,Male,Above high school,2-5yr,Public (13?45 seats),Owner,Unknown,Other,Asphalt roads,Wet or damp,Darkness - lights lit,Raining,Collision with roadside objects,1,2,Going straight,na,na,na,na,No priority to vehicle,Slight Injury
4260,22:46:00,Friday,Under 18,Male,Elementary school,5-10yr,Lorry (11?40Q),Owner,Unknown, Industrial areas,Asphalt roads,Wet or damp,Darkness - lights lit,Raining,Vehicle with vehicle collision,1,2,Moving Backward,Driver or rider,Male,5,3,Moving Backward,Slight Injury
4261,13:11:00,Wednesday,18-30,Male,Elementary school,1-2yr,Stationwagen,Governmental,2-5yrs,Other,Asphalt roads,Wet or damp,Daylight,Raining,Collision with roadside objects,2,1,Going straight,na,na,na,na,Turnover,Slight Injury
4262,13:11:00,Wednesday,18-30,Male,Junior high school,unknown,Ridden horse,Governmental,Unknown,Office areas,Asphalt roads,Wet or damp,Daylight,Raining,Collision with roadside objects,2,1,Going straight,na,na,na,na,No distancing,Slight Injury
4264,20:15:00,Thursday,31-50,Male,Elementary school,5-10yr,Automobile,Owner,Unknown,Office areas,Asphalt roads,Dry,Daylight,Normal,Vehicle with vehicle collision,3,1,Going straight,na,na,na,na,No distancing,Slight Injury
4265,20:15:00,Thursday,31-50,Male,Junior high school,2-5yr,Automobile,Owner,Unknown,Office areas,Asphalt roads,Dry,Daylight,Normal,Collision with roadside objects,3,1,U-Turn,Driver or rider,Male,31-50,2,Changing lane to the left,Slight Injury
4266,15:20:00,Wednesday,31-50,Male,Junior high school,5-10yr,Other,Organization,Unknown,Other,Asphalt roads,Dry,Daylight,Normal,Vehicle with vehicle collision,2,2,Going straight,na,na,na,na,No priority to vehicle,Slight Injury
4267,15:20:00,Wednesday,31-50,Male,High school,2-5yr,Taxi,Governmental,2-5yrs,Other,Asphalt roads,Dry,Daylight,Normal,Vehicle with vehicle collision,2,2,Going straight,Driver or rider,Male,31-50,3,Driving at high speed,Slight Injury
4268,10:51:00,Thursday,31-50,Male,Junior high school,1-2yr,Automobile,Owner,Unknown,Other,Asphalt roads,Dry,Daylight,Normal,Vehicle with vehicle collision,2,2,Going straight,Driver or rider,Male,31-50,3,Overtaking,Slight Injury
4269,10:51:00,Thursday,Over 51,Male,Junior high school,1-2yr,Stationwagen,Owner,Above 10yr,Other,Asphalt roads,Dry,Daylight,Normal,Vehicle with vehicle collision,2,2,Going straight,Pedestrian,Female,18-30,2,Other,Slight Injury
4271,9:06:00,Thursday,18-30,Male,Illiterate,unknown,Public (12 seats),Owner,2-5yrs, Church areas,Asphalt roads,Dry,Daylight,Normal,Vehicle with vehicle collision,2,2,Going straight,Driver or rider,Male,18-30,3,No priority to pedestrian,Slight Injury
4273,8:56:00,Sunday,18-30,Male,Junior high school,1-2yr,Automobile,Owner,2-5yrs, Church areas,Asphalt roads,Wet or damp,Daylight,Normal,Vehicle with vehicle collision,1,1,Turnover,Pedestrian,Male,31-50,3,No distancing,Slight Injury
4274,14:30:00,Monday,31-50,Male,Junior high school,2-5yr,Lorry (41?100Q),Owner,2-5yrs,Other,Asphalt roads,Wet or damp,Daylight,Unknown,Collision with roadside objects,2,1,Getting off,Pedestrian,Male,18-30,3,Moving Backward,Slight Injury
4276,22:20:00,Saturday,Under 18,Male,Junior high school,5-10yr,Public (> 45 seats),Owner,1-2yr,School areas,Asphalt roads,Dry,Darkness - lights lit,Normal,Vehicle with vehicle collision,2,2,Moving Backward,na,na,na,na,Other,Serious Injury
4278,15:30:00,Monday,18-30,Male,Junior high school,Above 10yr,Public (12 seats),Owner,Below 1yr,Other,Asphalt roads,Dry,Daylight,Normal,Collision with roadside objects,1,1,Turnover,na,na,na,na,Moving Backward,Slight Injury
4279,6:30:00,Wednesday,Unknown,Female,Junior high school,1-2yr,Public (12 seats),Owner,Unknown,Office areas,Asphalt roads,Dry,Daylight,Normal,Collision with roadside objects,2,1,Going straight,Passenger,Female,18-30,2,No distancing,Serious Injury
4280,6:30:00,Wednesday,31-50,Male,Junior high school,2-5yr,Automobile,Owner,Unknown,Other,Asphalt roads,Dry,Daylight,Normal,Vehicle with vehicle collision,2,1,Going straight,Pedestrian,Male,Under 18,3,Changing lane to the left,Serious Injury
4282,14:27:00,Friday,Over 51,Male,Junior high school,2-5yr,Automobile,Owner,Unknown,Office areas,Asphalt roads,Dry,Daylight,Normal,Vehicle with vehicle collision,2,2,Going straight,Driver or rider,Female,31-50,3,No priority to pedestrian,Slight Injury
4283,14:27:00,Friday,Unknown,Male,Elementary school,5-10yr,Lorry (41?100Q),Owner,Unknown,Other,Asphalt roads,Dry,Daylight,Normal,Vehicle with vehicle collision,2,2,Going straight,na,na,na,na,Changing lane to the left,Slight Injury
4284,16:46:00,Saturday,18-30,Male,Unknown,unknown,Public (12 seats),Owner,Unknown, Church areas,Asphalt roads,Dry,Daylight,Normal,Vehicle with vehicle collision,2,2,U-Turn,Driver or rider,Male,18-30,3,Driving carelessly,Slight Injury
4285,16:46:00,Saturday,31-50,Male,Elementary school,1-2yr,Lorry (11?40Q),Owner,Unknown,Office areas,Asphalt roads,Dry,Daylight,Normal,Vehicle with vehicle collision,2,2,Stopping,na,na,na,na,Driving carelessly,Slight Injury
4286,9:45:00,Monday,Unknown,Female,Elementary school,5-10yr,Automobile,Owner,Above 10yr,Office areas,Asphalt roads,Dry,Daylight,Normal,Vehicle with vehicle collision,2,1,Going straight,Driver or rider,Male,18-30,3,No priority to pedestrian,Slight Injury
4287,9:45:00,Monday,18-30,Male,Elementary school,5-10yr,Automobile,Owner,2-5yrs,Other,Asphalt roads,Dry,Daylight,Normal,Collision with roadside objects,2,1,Moving Backward,Driver or rider,Male,18-30,3,Getting off the vehicle improperly,Slight Injury
4288,14:35:00,Sunday,Unknown,Male,Junior high school,1-2yr,Automobile,Owner,2-5yrs,Residential areas,Asphalt roads,Dry,Daylight,Unknown,Collision with roadside objects,2,2,Getting off,na,na,na,na,No distancing,Slight Injury
4289,14:35:00,Sunday,Unknown,Male,Junior high school,5-10yr,Bajaj,Owner,Unknown,Residential areas,Asphalt roads,Dry,Daylight,Unknown,Collision with roadside objects,2,2,Going straight,Driver or rider,Male,31-50,3,Changing lane to the left,Slight Injury
4291,0:29:00,Wednesday,Unknown,Male,Junior high school,2-5yr,Lorry (11?40Q),Owner,Unknown,Other,Asphalt roads,Wet or damp,Darkness - lights lit,Raining,Vehicle with vehicle collision,2,4,Turnover,na,na,na,na,No distancing,Slight Injury
4294,0:29:00,Wednesday,Under 18,Male,Junior high school,Below 1yr,Automobile,Owner,Unknown,Other,Asphalt roads,Wet or damp,Darkness - lights lit,Raining,Collision with pedestrians,2,4,Moving Backward,na,na,na,na,No priority to vehicle,Slight Injury
4295,0:29:00,Wednesday,Under 18,Male,Junior high school,5-10yr,Lorry (11?40Q),Owner,5-10yrs,Other,Asphalt roads,Wet or damp,Darkness - lights lit,Raining,Collision with pedestrians,2,4,Going straight,na,na,na,na,Driving carelessly,Slight Injury
4299,21:51:00,Friday,31-50,Male,High school,2-5yr,Stationwagen,Governmental,Unknown,Residential areas,Asphalt roads,Dry,Darkness - lights lit,Normal,Vehicle with vehicle collision,4,1,Going straight,na,na,na,na,Driving carelessly,Slight Injury
4301,21:51:00,Friday,18-30,Male,Junior high school,Above 10yr,Other,Owner,Unknown,Office areas,Asphalt roads,Dry,Darkness - lights lit,Normal,Vehicle with vehicle collision,4,1,Going straight,na,na,na,na,Driving to the left,Slight Injury
4302,12:35:00,Monday,Over 51,Male,Junior high school,Below 1yr,Lorry (11?40Q),Owner,Below 1yr,Office areas,Asphalt roads,Dry,Daylight,Normal,Vehicle with vehicle collision,2,1,Going straight,Driver or rider,Male,18-30,3,No priority to pedestrian,Slight Injury
4304,13:52:00,Wednesday,31-50,Male,Elementary school,2-5yr,Automobile,Owner,Unknown,Office areas,Asphalt roads,Dry,Daylight,Normal,Vehicle with vehicle collision,2,1,Going straight,na,na,na,na,Changing lane to the right,Slight Injury
4305,13:52:00,Wednesday,18-30,Male,Junior high school,2-5yr,Lorry (41?100Q),Owner,1-2yr,Office areas,Asphalt roads,Dry,Daylight,Normal,Vehicle with vehicle collision,2,1,Going straight,na,na,na,na,Driving carelessly,Slight Injury
4306,16:10:00,Friday,Under 18,Male,Junior high school,1-2yr,Other,Owner,Unknown,Office areas,Asphalt roads,Wet or damp,Daylight,Raining,Collision with roadside objects,2,1,Other,Driver or rider,Male,31-50,2,No distancing,Slight Injury
4307,16:10:00,Friday,Unknown,Male,Junior high school,2-5yr,Lorry (41?100Q),Owner,5-10yrs,Office areas,Asphalt roads,Wet or damp,Daylight,Raining,Rollover,2,1,Other,na,na,na,na,Getting off the vehicle improperly,Slight Injury
4308,17:30:00,Monday,31-50,Male,Junior high school,2-5yr,Automobile,Owner,Unknown,Other,Asphalt roads,Dry,Daylight,Normal,Vehicle with vehicle collision,2,2,Going straight,Driver or rider,Male,Over 51,2,Driving under the influence of drugs,Slight Injury
4309,17:30:00,Monday,18-30,Male,Junior high school,Above 10yr,Pick up upto 10Q,Owner,Unknown,Residential areas,Asphalt roads,Dry,Daylight,Normal,Vehicle with vehicle collision,2,2,Going straight,na,na,na,na,Changing lane to the right,Slight Injury
4310,17:30:00,Monday,18-30,Male,High school,Below 1yr,Lorry (41?100Q),Owner,Unknown, Church areas,Asphalt roads,Dry,Daylight,Normal,Vehicle with vehicle collision,2,2,Getting off,Driver or rider,Male,18-30,3,Driving carelessly,Slight Injury
4311,18:57:00,Tuesday,Over 51,Male,Junior high school,2-5yr,Public (13?45 seats),Owner,Unknown,Other,Asphalt roads,Dry,Daylight,Normal,Vehicle with vehicle collision,2,2,Going straight,na,na,na,na,Moving Backward,Fatal injury
4312,18:57:00,Tuesday,31-50,Male,High school,Above 10yr,Long lorry,Owner,Unknown,  Recreational areas,Asphalt roads,Dry,Daylight,Normal,Vehicle with vehicle collision,2,2,Going straight,Pedestrian,Male,18-30,3,Turnover,Fatal injury
4314,9:11:00,Thursday,Over 51,Male,High school,5-10yr,Automobile,Owner,Unknown, Industrial areas,Asphalt roads,Dry,Daylight,Normal,Collision with roadside objects,2,1,Going straight,Driver or rider,Male,31-50,3,Driving carelessly,Slight Injury
4315,9:11:00,Thursday,18-30,Male,Junior high school,Above 10yr,Other,Owner,Unknown,Other,Asphalt roads,Dry,Daylight,Normal,Vehicle with vehicle collision,2,1,Going straight,na,na,na,na,No priority to vehicle,Slight Injury
4317,9:00:00,Friday,31-50,Male,Junior high school,2-5yr,Long lorry,Owner,5-10yrs, Church areas,Asphalt roads,Wet or damp,Daylight,Raining,Vehicle with vehicle collision,2,1,Going straight,Driver or rider,Male,18-30,3,Changing lane to the left,Slight Injury
4318,8:41:00,Wednesday,Over 51,Male,Elementary school,2-5yr,Public (12 seats),Owner,5-10yrs, Church areas,Asphalt roads,Dry,Daylight,Normal,Vehicle with vehicle collision,2,1,Going straight,Pedestrian,Male,Under 18,3,Overturning,Slight Injury
4319,8:41:00,Wednesday,18-30,Male,Elementary school,5-10yr,Public (12 seats),Owner,Unknown,Other,Asphalt roads,Dry,Daylight,Normal,Vehicle with vehicle collision,2,1,Other,Driver or rider,Male,18-30,2,No distancing,Slight Injury
4320,0:10:00,Sunday,31-50,Male,Junior high school,5-10yr,Other,Owner,Unknown,Other,Asphalt roads,Dry,Darkness - lights lit,Normal,Vehicle with vehicle collision,2,1,Going straight,Pedestrian,Male,18-30,2,Driving carelessly,Slight Injury
4321,0:10:00,Sunday,18-30,Male,High school,5-10yr,Other,Governmental,2-5yrs,  Recreational areas,Asphalt roads,Dry,Darkness - lights lit,Normal,Vehicle with vehicle collision,2,1,Going straight,Passenger,Female,18-30,3,No distancing,Slight Injury
4322,16:20:00,Wednesday,18-30,Male,Junior high school,Above 10yr,Other,Owner,2-5yrs,Other,Asphalt roads,Wet or damp,Daylight,Raining,Vehicle with vehicle collision,3,1,Going straight,na,na,na,na,Changing lane to the left,Slight Injury
4323,16:20:00,Wednesday,31-50,Male,Junior high school,Below 1yr,Public (12 seats),Owner,5-10yrs,Office areas,Asphalt roads,Wet or damp,Daylight,Raining,Collision with pedestrians,3,1,Going straight,Driver or rider,Female,18-30,3,No priority to pedestrian,Slight Injury
4324,16:20:00,Wednesday,31-50,Male,Junior high school,Below 1yr,Lorry (41?100Q),Owner,5-10yrs, Church areas,Asphalt roads,Wet or damp,Daylight,Raining,Vehicle with vehicle collision,3,1,Going straight,Driver or rider,Male,18-30,3,No distancing,Slight Injury
4325,17:40:00,Tuesday,31-50,Male,Junior high school,Above 10yr,Other,Owner,2-5yrs,Office areas,Asphalt roads,Dry,Daylight,Normal,Collision with roadside objects,2,1,Reversing,Pedestrian,Female,Over 51,3,No distancing,Slight Injury
4327,15:00:00,Wednesday,Unknown,Male,Elementary school,5-10yr,Other,Owner,2-5yrs,Other,Asphalt roads,Dry,Daylight,Normal,Collision with roadside objects,2,4,Going straight,Driver or rider,Female,18-30,3,No distancing,Slight Injury
4328,15:00:00,Wednesday,18-30,Male,Junior high school,2-5yr,Lorry (11?40Q),Governmental,Unknown,Residential areas,Asphalt roads,Dry,Daylight,Normal,Vehicle with vehicle collision,2,4,Going straight,Pedestrian,Male,31-50,3,Changing lane to the left,Slight Injury
4329,15:00:00,Wednesday,18-30,Male,Junior high school,2-5yr,Other,Owner,2-5yrs,Office areas,Asphalt roads,Dry,Daylight,Normal,Vehicle with vehicle collision,2,4,Going straight,Pedestrian,Female,18-30,3,No distancing,Slight Injury
4330,15:00:00,Wednesday,18-30,Male,Above high school,5-10yr,Other,Owner,2-5yrs,Residential areas,Asphalt roads,Dry,Daylight,Normal,Collision with pedestrians,2,4,Going straight,Pedestrian,Male,Over 51,3,No distancing,Slight Injury
4331,15:00:00,Wednesday,18-30,Male,Junior high school,2-5yr,Other,Owner,Unknown,Residential areas,Asphalt roads,Dry,Daylight,Normal,Vehicle with vehicle collision,2,4,Going straight,Pedestrian,Male,31-50,3,No distancing,Slight Injury
4332,14:30:00,Friday,Unknown,Male,Unknown,unknown,Pick up upto 10Q,Owner,Unknown,Other,Asphalt roads,Dry,Daylight,Unknown,Vehicle with vehicle collision,2,2,Going straight,Pedestrian,Male,18-30,3,Changing lane to the left,Slight Injury
4333,14:30:00,Friday,18-30,Male,Junior high school,2-5yr,Automobile,Owner,Unknown, Hospital areas,Asphalt roads,Dry,Daylight,Unknown,Vehicle with vehicle collision,2,2,Going straight,Driver or rider,Male,31-50,3,Changing lane to the right,Slight Injury
4334,14:30:00,Friday,18-30,Male,Junior high school,5-10yr,Other,Governmental,Unknown,Other,Asphalt roads,Dry,Daylight,Unknown,Vehicle with vehicle collision,2,2,Going straight,na,na,na,na,Moving Backward,Slight Injury
4335,6:59:00,Wednesday,18-30,Male,Junior high school,2-5yr,Lorry (41?100Q),Owner,Unknown,Other,Asphalt roads,Dry,Daylight,Normal,Collision with pedestrians,1,1,Going straight,Pedestrian,Female,18-30,3,Changing lane to the right,Serious Injury
4336,12:56:00,Wednesday,Unknown,Female,Elementary school,1-2yr,Public (13?45 seats),Owner,Unknown,  Recreational areas,Asphalt roads,Dry,Daylight,Normal,Vehicle with vehicle collision,2,2,Moving Backward,Pedestrian,Male,31-50,2,No distancing,Slight Injury
4337,12:56:00,Wednesday,Over 51,Male,High school,unknown,Automobile,Owner,Unknown,Other,Asphalt roads,Dry,Daylight,Normal,Vehicle with vehicle collision,2,2,Moving Backward,Driver or rider,Male,31-50,3,Overtaking,Slight Injury
4338,12:56:00,Wednesday,Over 51,Male,Junior high school,1-2yr,Pick up upto 10Q,Owner,Unknown,Other,Asphalt roads,Dry,Daylight,Normal,Vehicle with vehicle collision,2,2,Turnover,na,na,na,na,Other,Slight Injury
4339,21:39:00,Sunday,Over 51,Male,Junior high school,2-5yr,Lorry (41?100Q),Owner,Unknown,Other,Asphalt roads,Dry,Darkness - lights lit,Normal,Vehicle with vehicle collision,2,2,Other,na,na,na,na,Other,Slight Injury
4340,21:39:00,Sunday,Under 18,Male,Junior high school,1-2yr,Public (12 seats),Owner,Below 1yr,Office areas,Asphalt roads,Dry,Darkness - lights lit,Normal,Collision with roadside objects,2,2,Other,Driver or rider,Male,18-30,3,Changing lane to the right,Slight Injury
4341,0:06:00,Saturday,18-30,Male,Elementary school,Above 10yr,Other,Owner,2-5yrs,Other,Asphalt roads,Dry,Darkness - lights lit,Normal,Vehicle with vehicle collision,1,1,Going straight,Driver or rider,Male,18-30,3,No priority to pedestrian,Slight Injury
4342,1:08:00,Sunday,Under 18,Male,Junior high school,2-5yr,Lorry (41?100Q),Owner,Unknown,Residential areas,Asphalt roads,Wet or damp,Darkness - lights lit,Normal,Vehicle with vehicle collision,1,1,Going straight,na,na,na,na,No priority to vehicle,Slight Injury
4343,14:17:00,Saturday,Unknown,Female,Junior high school,2-5yr,Pick up upto 10Q,Owner,5-10yrs,Other,Asphalt roads,Dry,Daylight,Normal,Vehicle with vehicle collision,3,1,Other,na,na,na,na,Changing lane to the left,Slight Injury
4344,14:17:00,Saturday,31-50,Male,Junior high school,2-5yr,Other,Owner,Unknown,Other,Asphalt roads,Dry,Daylight,Normal,Vehicle with vehicle collision,3,1,Other,Driver or rider,Male,5,3,Changing lane to the left,Slight Injury
4345,14:17:00,Saturday,Over 51,Male,Junior high school,2-5yr,Lorry (41?100Q),Owner,Unknown, Church areas,Asphalt roads,Dry,Daylight,Normal,Collision with roadside objects,3,1,Going straight,na,na,na,na,Overtaking,Slight Injury
4346,13:55:00,Tuesday,Unknown,Male,Elementary school,2-5yr,Ridden horse,Owner,1-2yr,Office areas,Asphalt roads,Dry,Daylight,Normal,Vehicle with vehicle collision,2,1,Reversing,Driver or rider,Female,5,3,No distancing,Slight Injury
4347,13:55:00,Tuesday,31-50,Male,Junior high school,2-5yr,Automobile,Owner,Above 10yr,School areas,Asphalt roads,Dry,Daylight,Normal,Vehicle with vehicle collision,2,1,Other,Pedestrian,Male,31-50,3,No priority to vehicle,Slight Injury
4348,7:30:00,Thursday,18-30,Male,Elementary school,5-10yr,Automobile,Owner,2-5yrs,Other,Asphalt roads,Wet or damp,Daylight,Normal,Vehicle with vehicle collision,4,1,Turnover,Pedestrian,Female,18-30,3,Changing lane to the right,Slight Injury
4349,7:30:00,Thursday,Unknown,Male,Elementary school,2-5yr,Stationwagen,Owner,1-2yr,Office areas,Asphalt roads,Wet or damp,Daylight,Normal,Vehicle with vehicle collision,4,1,Going straight,na,na,na,na,Changing lane to the left,Slight Injury
4350,7:30:00,Thursday,Unknown,Male,Junior high school,Above 10yr,Other,Owner,1-2yr,Residential areas,Asphalt roads,Wet or damp,Daylight,Normal,Vehicle with vehicle collision,4,1,Going straight,Driver or rider,Male,18-30,3,No distancing,Slight Injury
4351,7:30:00,Thursday,Unknown,Male,Junior high school,Above 10yr,Lorry (41?100Q),Owner,1-2yr, Industrial areas,Asphalt roads,Wet or damp,Daylight,Normal,Vehicle with vehicle collision,4,1,Going straight,Driver or rider,Male,31-50,3,Driving carelessly,Slight Injury
4352,19:20:00,Wednesday,Unknown,Male,High school,Above 10yr,Lorry (41?100Q),Owner,2-5yrs,Other,Asphalt roads,Wet or damp,Daylight,Windy,Vehicle with vehicle collision,2,1,Going straight,na,na,na,na,No priority to pedestrian,Slight Injury
4353,19:20:00,Wednesday,18-30,Male,Junior high school,5-10yr,Long lorry,Owner,1-2yr,Residential areas,Asphalt roads,Wet or damp,Daylight,Windy,Vehicle with vehicle collision,2,1,Going straight,Driver or rider,Male,18-30,3,Driving carelessly,Slight Injury
4354,20:30:00,Tuesday,31-50,Male,Junior high school,2-5yr,Stationwagen,Owner,1-2yr,  Recreational areas,Asphalt roads,Dry,Daylight,Normal,Vehicle with vehicle collision,2,2,Going straight,na,na,na,na,Moving Backward,Slight Injury
4355,20:30:00,Tuesday,Over 51,Male,Elementary school,1-2yr,Public (12 seats),Owner,Unknown,Office areas,Asphalt roads,Dry,Daylight,Normal,Vehicle with vehicle collision,2,2,Going straight,Driver or rider,Female,31-50,3,No distancing,Slight Injury
4356,14:38:00,Wednesday,Under 18,Male,Junior high school,2-5yr,Automobile,Owner,Unknown, Outside rural areas,Asphalt roads,Dry,Daylight,Normal,Vehicle with vehicle collision,3,1,Going straight,Driver or rider,Female,18-30,3,No distancing,Slight Injury
4357,14:38:00,Wednesday,31-50,Male,Junior high school,5-10yr,Public (12 seats),Owner,1-2yr, Outside rural areas,Asphalt roads,Dry,Daylight,Normal,Collision with roadside objects,3,1,Going straight,Pedestrian,Female,18-30,3,No distancing,Slight Injury
4358,14:38:00,Wednesday,31-50,Male,Unknown,unknown,Lorry (41?100Q),Owner,1-2yr, Outside rural areas,Asphalt roads,Dry,Daylight,Normal,Collision with roadside objects,3,1,Other,Driver or rider,Male,18-30,3,Changing lane to the left,Slight Injury
4359,13:46:00,Sunday,18-30,Male,Elementary school,5-10yr,Automobile,Governmental,Below 1yr, Outside rural areas,Asphalt roads,Dry,Daylight,Normal,Collision with roadside objects,1,1,Going straight,na,na,na,na,Changing lane to the left,Slight Injury
4360,19:15:00,Monday,Unknown,Male,High school,Above 10yr,Lorry (41?100Q),Owner,Unknown, Outside rural areas,Asphalt roads,Dry,Darkness - lights lit,Normal,Collision with pedestrians,2,1,Going straight,Passenger,Female,Over 51,3,Moving Backward,Slight Injury
4361,19:15:00,Monday,Under 18,Male,Junior high school,Above 10yr,Lorry (41?100Q),Owner,Unknown,School areas,Asphalt roads,Dry,Darkness - lights lit,Normal,Vehicle with vehicle collision,2,1,Moving Backward,Pedestrian,Male,18-30,2,Changing lane to the right,Slight Injury
4362,13:00:00,Tuesday,Unknown,Male,Junior high school,1-2yr,Pick up upto 10Q,Owner,Above 10yr, Outside rural areas,Asphalt roads,Dry,Daylight,Other,Vehicle with vehicle collision,1,1,Going straight,Driver or rider,Male,Over 51,3,No priority to vehicle,Slight Injury