,Time,Day_of_week,Age_band_of_driver,Sex_of_driver,Educational_level,Driving_experience,Type_of_vehicle,Owner_of_vehicle,Service_year_of_vehicle,Area_accident_occured,Road_surface_type,Road_surface_conditions,Light_conditions,Weather_conditions,Type_of_collision,Number_of_vehicles_involved,Number_of_casualties,Vehicle_movement,Casualty_class,Sex_of_casualty,Age_band_of_casualty,Casualty_severity,Cause_of_accident,Accident_severity
5785,8:30:00,Tuesday,31-50,Male,High school,No Licence,Lorry (41?100Q),Owner,Unknown,Residential areas,Asphalt roads,Dry,Daylight,Unknown,Vehicle with vehicle collision,2,1,Going straight,Driver or rider,Male,31-50,3,Driving to the left,Slight Injury
5786,21:08:00,Saturday,31-50,Male,Junior high school,5-10yr,Taxi,Owner,Above 10yr,Residential areas,Asphalt roads,Dry,Darkness - lights lit,Normal,Vehicle with vehicle collision,2,1,Going straight,na,na,na,na,Changing lane to the left,Slight Injury
5787,21:08:00,Saturday,Unknown,Female,Junior high school,1-2yr,Other,Owner,Unknown,Residential areas,Other,Dry,Darkness - lights lit,Normal,Collision with roadside objects,2,1,Reversing,Pedestrian,Male,Over 51,3,Moving Backward,Slight Injury
5788,15:48:00,Monday,31-50,Male,Junior high school,2-5yr,Public (12 seats),Owner,Above 10yr,Residential areas,Asphalt roads,Dry,Daylight,Normal,Collision with roadside objects,2,2,Going straight,na,na,na,na,Driving at high speed,Slight Injury
5789,15:48:00,Monday,Under 18,Male,Junior high school,5-10yr,Automobile,Owner,1-2yr,Other,Asphalt roads,Dry,Daylight,Normal,Collision with roadside objects,2,2,Going straight,Driver or rider,Male,31-50,2,Moving Backward,Slight Injury
5791,14:40:00,Saturday,Unknown,Female,Unknown,unknown,Public (13?45 seats),Owner,2-5yrs,Residential areas,Asphalt roads,Wet or damp,Daylight,Raining,Vehicle with vehicle collision,2,1,Entering a junction,na,na,na,na,Other,Serious Injury
5792,14:40:00,Saturday,18-30,Male,Junior high school,2-5yr,Lorry (41?100Q),Owner,Unknown,Other,Asphalt roads,Wet or damp,Daylight,Raining,Vehicle with vehicle collision,2,1,Turnover,na,na,na,na,No priority to vehicle,Serious Injury
5793,6:45:00,Thursday,31-50,Male,Junior high school,Above 10yr,Lorry (41?100Q),Owner,Unknown, Church areas,Asphalt roads,Dry,Daylight,Normal,Vehicle with vehicle collision,2,1,Going straight,Driver or rider,Male,31-50,3,Changing lane to the right,Slight Injury
5794,6:45:00,Thursday,31-50,Male,Junior high school,Above 10yr,Lorry (11?40Q),Owner,Unknown,Other,Earth roads,Dry,Daylight,Normal,Collision with pedestrians,2,1,Going straight,Passenger,Female,31-50,3,Other,Slight Injury
5795,19:30:00,Friday,18-30,Male,Unknown,unknown,Motorcycle,Owner,Unknown,Office areas,Asphalt roads,Wet or damp,Daylight,Normal,Collision with pedestrians,1,1,Going straight,Passenger,Male,31-50,3,No distancing,Slight Injury
5796,18:30:00,Monday,Over 51,Male,Elementary school,Above 10yr,Lorry (41?100Q),Owner,2-5yrs,Office areas,Asphalt roads,Dry,Daylight,Normal,Vehicle with vehicle collision,2,1,Going straight,Driver or rider,Male,31-50,3,Driving carelessly,Slight Injury
5797,18:30:00,Monday,18-30,Male,Unknown,unknown,Stationwagen,Owner,Unknown,Residential areas,Asphalt roads,Dry,Daylight,Normal,Vehicle with vehicle collision,2,1,Going straight,na,na,na,na,No distancing,Slight Injury
5798,16:24:00,Tuesday,Under 18,Male,Junior high school,5-10yr,Automobile,Owner,Unknown,Other,Asphalt roads,Dry,Daylight,Normal,Vehicle with vehicle collision,2,2,Going straight,na,na,na,na,Moving Backward,Slight Injury
5799,16:24:00,Tuesday,31-50,Male,Junior high school,Above 10yr,Other,Owner,Above 10yr, Industrial areas,Asphalt roads,Dry,Daylight,Normal,Vehicle with vehicle collision,2,2,Going straight,Driver or rider,Male,31-50,3,No distancing,Slight Injury
5800,3:29:00,Tuesday,31-50,Male,High school,Above 10yr,Other,Owner,Unknown,Office areas,Asphalt roads,Wet or damp,Darkness - no lighting,Windy,Vehicle with vehicle collision,2,2,Going straight,Passenger,Female,Over 51,3,Moving Backward,Slight Injury
5801,3:29:00,Tuesday,31-50,Male,Unknown,unknown,Taxi,Organization,Unknown,  Recreational areas,Asphalt roads,Wet or damp,Darkness - no lighting,Windy,Vehicle with vehicle collision,2,2,Getting off,Pedestrian,Male,Under 18,3,No priority to pedestrian,Slight Injury
5802,3:29:00,Tuesday,Unknown,Male,Elementary school,5-10yr,Automobile,Owner,1-2yr,Residential areas,Asphalt roads,Wet or damp,Darkness - no lighting,Windy,Vehicle with vehicle collision,2,2,Getting off,na,na,na,na,Changing lane to the left,Slight Injury
5803,17:50:00,Friday,18-30,Male,Elementary school,Above 10yr,Long lorry,Owner,Above 10yr,Residential areas,Asphalt roads,Dry,Daylight,Normal,Vehicle with vehicle collision,2,1,Getting off,Driver or rider,Male,18-30,3,No distancing,Slight Injury
5804,17:50:00,Friday,31-50,Male,Junior high school,Below 1yr,Long lorry,Owner,5-10yrs, Church areas,Asphalt roads,Dry,Daylight,Normal,Vehicle with vehicle collision,2,1,Moving Backward,Driver or rider,Male,31-50,3,Other,Slight Injury
5805,6:25:00,Wednesday,18-30,Male,Junior high school,2-5yr,Lorry (41?100Q),Owner,5-10yrs,Residential areas,Asphalt roads,Dry,Daylight,Normal,Vehicle with vehicle collision,2,1,Going straight,na,na,na,na,No distancing,Slight Injury
5807,8:23:00,Friday,18-30,Male,High school,5-10yr,Lorry (11?40Q),Owner,5-10yrs,Other,Asphalt roads,Dry,Daylight,Normal,Rollover,2,1,Waiting to go,Driver or rider,Male,18-30,3,Moving Backward,Serious Injury
5808,8:23:00,Friday,31-50,Male,Junior high school,unknown,Automobile,Owner,Unknown,Other,Asphalt roads,Dry,Daylight,Normal,Vehicle with vehicle collision,2,1,Going straight,na,na,na,na,No priority to pedestrian,Serious Injury
5809,15:00:00,Sunday,31-50,Male,Unknown,Below 1yr,Taxi,Owner,Unknown, Church areas,Asphalt roads,Wet or damp,Daylight,Raining,Vehicle with vehicle collision,2,2,Other,na,na,na,na,No distancing,Slight Injury
5810,15:00:00,Sunday,31-50,Male,Elementary school,Above 10yr,Other,Governmental,Unknown,Other,Asphalt roads,Wet or damp,Daylight,Raining,Vehicle with vehicle collision,2,2,Going straight,na,na,na,na,No priority to pedestrian,Slight Injury
5811,15:00:00,Sunday,18-30,Male,Elementary school,Below 1yr,Automobile,Owner,Unknown, Church areas,Asphalt roads,Wet or damp,Daylight,Raining,Vehicle with vehicle collision,2,2,Going straight,Driver or rider,Male,18-30,3,Driving carelessly,Slight Injury
5812,20:17:00,Sunday,Under 18,Male,Junior high school,5-10yr,Automobile,Owner,Unknown, Church areas,Earth roads,Dry,Daylight,Normal,Vehicle with vehicle collision,2,1,Going straight,na,na,na,na,Getting off the vehicle improperly,Slight Injury
5813,20:17:00,Sunday,31-50,Male,Junior high school,5-10yr,Automobile,Owner,Above 10yr,Other,Asphalt roads,Dry,Daylight,Normal,Collision with roadside objects,2,1,Going straight,Driver or rider,Female,5,2,Driving carelessly,Slight Injury
5814,20:30:00,Monday,18-30,Male,Unknown,unknown,Automobile,Governmental,5-10yrs,Other,Asphalt roads,Dry,Daylight,Normal,Collision with roadside objects,2,1,Overtaking,na,na,na,na,Changing lane to the left,Slight Injury
5815,20:30:00,Monday,31-50,Male,Junior high school,1-2yr,Public (> 45 seats),Owner,5-10yrs,School areas,Asphalt roads,Dry,Daylight,Normal,Vehicle with vehicle collision,2,1,Going straight,Driver or rider,Male,31-50,3,No priority to vehicle,Slight Injury
5816,15:31:00,Monday,31-50,Male,High school,5-10yr,Lorry (11?40Q),Owner,Above 10yr,Residential areas,Asphalt roads,Dry,Daylight,Normal,Collision with roadside objects,1,1,Going straight,Driver or rider,Male,31-50,3,Changing lane to the right,Slight Injury
5818,18:00:00,Saturday,Over 51,Male,Junior high school,5-10yr,Lorry (41?100Q),Owner,Above 10yr,Office areas,Asphalt roads,Dry,Daylight,Normal,Vehicle with vehicle collision,2,1,Turnover,Driver or rider,Male,31-50,3,No distancing,Slight Injury
5819,18:00:00,Tuesday,Under 18,Female,Junior high school,5-10yr,Stationwagen,Owner,Above 10yr,Residential areas,Asphalt roads,Dry,Daylight,Unknown,Vehicle with vehicle collision,1,1,Going straight,Passenger,Female,31-50,3,No distancing,Serious Injury
5820,17:20:00,Thursday,31-50,Male,Junior high school,Above 10yr,Other,Owner,Above 10yr,Other,Asphalt roads,Dry,Daylight,Normal,Vehicle with vehicle collision,2,1,Going straight,na,na,na,na,Changing lane to the left,Slight Injury
5821,17:20:00,Thursday,Unknown,Male,Junior high school,5-10yr,Automobile,Owner,Above 10yr,Residential areas,Asphalt roads,Dry,Daylight,Normal,Vehicle with vehicle collision,2,1,Getting off,Driver or rider,Male,18-30,3,Changing lane to the right,Slight Injury
5822,12:20:00,Friday,Unknown,Male,Junior high school,No Licence,Pick up upto 10Q,Owner,5-10yrs,Residential areas,Asphalt roads,Dry,Daylight,Normal,Vehicle with vehicle collision,2,1,Moving Backward,na,na,na,na,No priority to vehicle,Slight Injury
5823,12:20:00,Friday,Under 18,Male,Above high school,Below 1yr,Motorcycle,Owner,Unknown,Residential areas,Earth roads,Dry,Daylight,Normal,Collision with pedestrians,2,1,Getting off,Driver or rider,Male,31-50,3,Changing lane to the left,Slight Injury
5824,18:00:00,Friday,31-50,Male,Elementary school,5-10yr,Automobile,Owner,1-2yr,Other,Asphalt roads,Dry,Daylight,Normal,Vehicle with vehicle collision,3,2,Overtaking,na,na,na,na,No priority to vehicle,Slight Injury
5825,18:00:00,Friday,Over 51,Male,Elementary school,5-10yr,Pick up upto 10Q,Owner,5-10yrs,Other,Asphalt roads,Dry,Daylight,Normal,Collision with roadside objects,3,2,Going straight,Driver or rider,Male,31-50,3,Moving Backward,Slight Injury
5826,18:00:00,Friday,Over 51,Male,Junior high school,5-10yr,Motorcycle,Owner,5-10yrs,Other,Asphalt roads,Dry,Daylight,Normal,Vehicle with vehicle collision,3,2,Going straight,na,na,na,na,Turnover,Slight Injury
5827,18:00:00,Friday,Over 51,Male,High school,5-10yr,Stationwagen,Owner,1-2yr, Hospital areas,Asphalt roads,Dry,Daylight,Normal,Collision with roadside objects,3,2,Going straight,na,na,na,na,No distancing,Slight Injury
5828,1:20:00,Sunday,31-50,Male,Junior high school,5-10yr,Lorry (41?100Q),Owner,2-5yrs,Residential areas,Asphalt roads,Wet or damp,Darkness - lights lit,Raining,Vehicle with vehicle collision,1,1,Reversing,Driver or rider,Male,31-50,3,No distancing,Slight Injury
5829,7:10:00,Thursday,18-30,Male,Junior high school,2-5yr,Taxi,Owner,5-10yrs,Residential areas,Asphalt roads,Dry,Daylight,Normal,Vehicle with vehicle collision,2,1,Getting off,Pedestrian,Male,Under 18,3,No distancing,Slight Injury
5830,7:10:00,Thursday,31-50,Male,Writing & reading,5-10yr,Automobile,Owner,5-10yrs,Residential areas,Asphalt roads,Dry,Daylight,Normal,Collision with pedestrians,2,1,Going straight,Passenger,Female,31-50,3,Changing lane to the left,Slight Injury
5831,8:23:00,Tuesday,31-50,Male,Junior high school,Above 10yr,Long lorry,Owner,1-2yr,Other,Asphalt roads,Wet or damp,Daylight,Raining,Vehicle with vehicle collision,2,1,Going straight,na,na,na,na,No priority to vehicle,Slight Injury
5832,8:23:00,Tuesday,Unknown,Male,Junior high school,1-2yr,Automobile,Owner,1-2yr,Office areas,Gravel roads,Wet or damp,Daylight,Raining,Vehicle with vehicle collision,2,1,Going straight,Driver or rider,Male,18-30,3,Driving at high speed,Slight Injury
5833,17:25:00,Tuesday,18-30,Male,Writing & reading,Below 1yr,Public (12 seats),Owner,2-5yrs,Other,Asphalt roads,Wet or damp,Daylight,Raining,Vehicle with vehicle collision,2,2,Reversing,na,na,na,na,Overtaking,Slight Injury
5834,17:25:00,Tuesday,Over 51,Male,Elementary school,1-2yr,Lorry (11?40Q),Owner,Unknown,Office areas,Asphalt roads,Wet or damp,Daylight,Raining,Vehicle with vehicle collision,2,2,Going straight,Driver or rider,Male,18-30,3,Other,Slight Injury
5835,8:17:00,Wednesday,Over 51,Male,Junior high school,5-10yr,Pick up upto 10Q,Owner,Unknown,Residential areas,Asphalt roads,Wet or damp,Daylight,Other,Collision with pedestrians,1,1,Stopping,Pedestrian,Female,31-50,3,Changing lane to the left,Serious Injury
5836,18:37:00,Thursday,Under 18,Male,Elementary school,Above 10yr,Lorry (41?100Q),Owner,Unknown,Office areas,Asphalt roads,Dry,Daylight,Normal,Vehicle with vehicle collision,2,2,Overtaking,Pedestrian,Female,18-30,3,No priority to pedestrian,Serious Injury
5837,18:37:00,Thursday,Under 18,Male,Junior high school,5-10yr,Other,Owner,Unknown,Office areas,Asphalt roads,Dry,Daylight,Normal,Vehicle with vehicle collision,2,2,Going straight,na,na,na,na,Changing lane to the left,Serious Injury
5838,18:37:00,Thursday,Under 18,Male,Elementary school,2-5yr,Automobile,Organization,Unknown,Other,Asphalt roads,Dry,Daylight,Normal,Vehicle with vehicle collision,2,2,Reversing,Driver or rider,Male,18-30,3,No distancing,Serious Injury
5839,11:00:00,Wednesday,Unknown,Male,Junior high school,2-5yr,Long lorry,Owner,Unknown,Office areas,Asphalt roads,Dry,Daylight,Normal,Vehicle with vehicle collision,1,1,Going straight,Pedestrian,Male,Under 18,3,Moving Backward,Serious Injury
5840,9:30:00,Sunday,Over 51,Male,Junior high school,Above 10yr,Lorry (11?40Q),Owner,Unknown,Office areas,Asphalt roads,Dry,Daylight,Normal,Collision with roadside objects,2,1,Going straight,na,na,na,na,Changing lane to the left,Slight Injury
5841,9:30:00,Sunday,31-50,Male,Junior high school,2-5yr,Long lorry,Governmental,Unknown,Office areas,Asphalt roads,Dry,Daylight,Normal,Vehicle with vehicle collision,2,1,Reversing,Driver or rider,Female,18-30,3,Other,Slight Injury
5842,14:35:00,Monday,Unknown,Female,Junior high school,Below 1yr,Automobile,Owner,Unknown,Other,Asphalt roads,Dry,Daylight,Normal,Vehicle with vehicle collision,2,1,Going straight,Driver or rider,Male,18-30,3,No distancing,Slight Injury
5843,14:35:00,Monday,18-30,Male,Junior high school,2-5yr,Taxi,Owner,Unknown,Residential areas,Asphalt roads,Dry,Daylight,Normal,Vehicle with vehicle collision,2,1,Waiting to go,Passenger,Female,18-30,3,Moving Backward,Slight Injury
5844,18:05:00,Wednesday,Over 51,Male,Junior high school,Above 10yr,Taxi,Owner,2-5yrs,Residential areas,Asphalt roads,Dry,Daylight,Normal,Vehicle with vehicle collision,3,2,Going straight,na,na,na,na,No distancing,Slight Injury
5845,18:05:00,Wednesday,Under 18,Male,Junior high school,2-5yr,Long lorry,Owner,5-10yrs, Church areas,Asphalt roads,Dry,Daylight,Normal,Collision with roadside objects,3,2,Going straight,Pedestrian,Female,Over 51,3,Changing lane to the left,Slight Injury
5846,18:05:00,Wednesday,Under 18,Male,Elementary school,Above 10yr,Lorry (11?40Q),Owner,5-10yrs,Other,Asphalt roads,Dry,Daylight,Normal,Vehicle with vehicle collision,3,2,Going straight,Driver or rider,Male,31-50,2,Changing lane to the left,Slight Injury
5847,18:05:00,Wednesday,Over 51,Male,Elementary school,Above 10yr,Lorry (11?40Q),Owner,Unknown,Residential areas,Asphalt roads,Dry,Daylight,Normal,Vehicle with vehicle collision,3,2,Going straight,na,na,na,na,No priority to pedestrian,Slight Injury
5848,12:55:00,Wednesday,18-30,Male,Elementary school,Above 10yr,Long lorry,Owner,2-5yrs,Other,Asphalt roads,Dry,Daylight,Normal,Vehicle with vehicle collision,2,1,Getting off,Driver or rider,Male,18-30,2,Changing lane to the left,Slight Injury
5849,12:55:00,Wednesday,31-50,Male,Junior high school,Above 10yr,Turbo,Owner,2-5yrs,Residential areas,Asphalt roads,Dry,Daylight,Normal,Vehicle with vehicle collision,2,1,Going straight,na,na,na,na,Driving carelessly,Slight Injury
5850,0:36:00,Tuesday,Unknown,Male,Junior high school,Below 1yr,Long lorry,Owner,2-5yrs,Residential areas,Asphalt roads,Dry,Darkness - lights lit,Normal,Vehicle with vehicle collision,3,1,Going straight,Driver or rider,Male,31-50,3,Driving carelessly,Serious Injury
5851,0:36:00,Tuesday,31-50,Male,Elementary school,5-10yr,Long lorry,Owner,5-10yrs,Other,Asphalt roads,Dry,Darkness - lights lit,Normal,Vehicle with vehicle collision,3,1,Going straight,na,na,na,na,No priority to pedestrian,Serious Injury
5853,15:42:00,Sunday,Unknown,Female,Junior high school,Above 10yr,Automobile,Owner,Unknown,Other,Earth roads,Flood over 3cm. deep,Daylight,Raining,Vehicle with vehicle collision,2,1,Turnover,Driver or rider,Male,31-50,2,No distancing,Slight Injury
5854,15:42:00,Sunday,18-30,Male,Junior high school,Below 1yr,Automobile,Owner,Unknown,Other,Asphalt roads,Flood over 3cm. deep,Daylight,Raining,Vehicle with vehicle collision,2,1,Going straight,Pedestrian,Female,18-30,3,Changing lane to the left,Slight Injury
5855,1:15:00,Sunday,18-30,Male,Junior high school,2-5yr,Pick up upto 10Q,Owner,Unknown,Residential areas,Asphalt roads,Dry,Darkness - lights lit,Normal,Vehicle with vehicle collision,1,2,Going straight,na,na,na,na,No priority to vehicle,Serious Injury
5857,1:25:00,Sunday,18-30,Male,Writing & reading,2-5yr,Stationwagen,Owner,Unknown,Other,Asphalt roads,Dry,Darkness - no lighting,Normal,Collision with roadside objects,2,1,Going straight,na,na,na,na,No priority to pedestrian,Slight Injury
5860,21:00:00,Sunday,Under 18,Male,Junior high school,1-2yr,Automobile,Owner,Unknown,Office areas,Asphalt roads,Dry,Darkness - no lighting,Normal,Collision with pedestrians,2,1,Going straight,Driver or rider,Male,Under 18,3,Driving carelessly,Slight Injury
5861,16:50:00,Wednesday,18-30,Male,High school,5-10yr,Long lorry,Owner,Unknown,Office areas,Gravel roads,Dry,Daylight,Normal,Vehicle with vehicle collision,2,2,Going straight,na,na,na,na,Changing lane to the right,Slight Injury
5862,16:50:00,Wednesday,31-50,Male,Elementary school,2-5yr,Public (13?45 seats),Owner,Unknown,Office areas,Asphalt roads,Dry,Daylight,Normal,Vehicle with vehicle collision,2,2,Going straight,Driver or rider,Male,31-50,2,Changing lane to the left,Slight Injury
5863,16:50:00,Wednesday,31-50,Male,Junior high school,1-2yr,Public (13?45 seats),Owner,Unknown,Other,Asphalt roads,Dry,Daylight,Normal,Collision with pedestrians,2,2,Going straight,Pedestrian,Male,18-30,3,Moving Backward,Slight Injury
5864,14:40:00,Tuesday,18-30,Male,Elementary school,1-2yr,Lorry (11?40Q),Governmental,Unknown,Other,Asphalt roads,Dry,Daylight,Normal,Vehicle with vehicle collision,2,1,Going straight,Driver or rider,Female,18-30,3,Driving carelessly,Slight Injury
5865,14:40:00,Tuesday,18-30,Male,High school,No Licence,Lorry (11?40Q),Owner,Unknown,Office areas,Other,Dry,Daylight,Normal,Vehicle with vehicle collision,2,1,Going straight,na,na,na,na,Driving to the left,Slight Injury
5866,2:00:00,Friday,Unknown,Female,Junior high school,5-10yr,Pick up upto 10Q,Owner,Unknown,Residential areas,Asphalt roads,Dry,Darkness - lights lit,Unknown,Vehicle with vehicle collision,2,1,Going straight,na,na,na,na,Driving to the left,Slight Injury
5867,2:00:00,Friday,Under 18,Male,Junior high school,1-2yr,Automobile,Governmental,2-5yrs,  Recreational areas,Asphalt roads,Dry,Darkness - lights lit,Unknown,Vehicle with vehicle collision,2,1,Going straight,Pedestrian,Male,18-30,3,No priority to pedestrian,Slight Injury
5868,18:10:00,Saturday,31-50,Male,Junior high school,2-5yr,Automobile,Owner,1-2yr,Other,Asphalt roads,Dry,Daylight,Normal,Vehicle with vehicle collision,2,1,Going straight,na,na,na,na,Changing lane to the left,Serious Injury
5869,18:10:00,Saturday,Unknown,Male,Junior high school,5-10yr,Automobile,Owner,Above 10yr,Residential areas,Asphalt roads,Dry,Daylight,Normal,Vehicle with vehicle collision,2,1,Reversing,Driver or rider,Male,18-30,2,Changing lane to the right,Serious Injury
5870,19:15:00,Wednesday,31-50,Male,Unknown,unknown,Long lorry,Owner,Unknown,Other,Asphalt roads,Dry,Daylight,Normal,Collision with roadside objects,2,1,Going straight,Pedestrian,Male,18-30,3,Driving carelessly,Slight Injury
5871,19:15:00,Wednesday,Unknown,Male,Unknown,unknown,Long lorry,Owner,Unknown,Other,Asphalt roads,Dry,Daylight,Normal,Collision with pedestrians,2,1,Turnover,na,na,na,na,No distancing,Slight Injury
5872,6:28:00,Wednesday,31-50,Male,Junior high school,2-5yr,Automobile,Owner,5-10yrs,Other,Asphalt roads,Dry,Daylight,Normal,Vehicle with vehicle collision,2,1,Going straight,na,na,na,na,Getting off the vehicle improperly,Slight Injury
5873,6:28:00,Wednesday,31-50,Male,Junior high school,Above 10yr,Stationwagen,Owner,Unknown,Other,Asphalt roads,Dry,Daylight,Normal,Vehicle with vehicle collision,2,1,Going straight,Driver or rider,Male,31-50,3,Driving under the influence of drugs,Slight Injury
5875,13:15:00,Monday,18-30,Male,Unknown,unknown,Other,Owner,Unknown,School areas,Asphalt roads,Dry,Daylight,Normal,Vehicle with vehicle collision,2,2,Going straight,na,na,na,na,Driving carelessly,Slight Injury
5876,13:15:00,Monday,18-30,Male,Elementary school,Above 10yr,Special vehicle,Owner,Unknown,Office areas,Asphalt roads,Dry,Daylight,Normal,Vehicle with vehicle collision,2,2,Reversing,Pedestrian,Male,Over 51,3,Moving Backward,Slight Injury
5877,14:30:00,Monday,Over 51,Male,Unknown,unknown,Lorry (41?100Q),Owner,Unknown,Office areas,Asphalt roads,Dry,Daylight,Normal,Vehicle with vehicle collision,2,1,Going straight,na,na,na,na,Turnover,Slight Injury
5878,14:30:00,Monday,Over 51,Male,Junior high school,5-10yr,Pick up upto 10Q,Owner,5-10yrs,Office areas,Asphalt roads,Dry,Daylight,Normal,Vehicle with vehicle collision,2,1,Turnover,Driver or rider,Female,Under 18,3,Changing lane to the right,Slight Injury
5879,20:20:00,Wednesday,31-50,Male,Junior high school,Above 10yr,Lorry (11?40Q),Owner,Unknown,School areas,Asphalt roads,Dry,Daylight,Normal,Vehicle with vehicle collision,2,1,Going straight,na,na,na,na,Driving carelessly,Serious Injury
5880,20:20:00,Wednesday,31-50,Male,High school,Above 10yr,Lorry (41?100Q),Governmental,Unknown,School areas,Gravel roads,Dry,Daylight,Normal,Vehicle with vehicle collision,2,1,Going straight,na,na,na,na,No priority to vehicle,Serious Injury
5881,6:15:00,Tuesday,31-50,Male,Unknown,unknown,Motorcycle,Owner,Unknown,Office areas,Asphalt roads,Dry,Daylight,Unknown,Vehicle with vehicle collision,2,1,Going straight,Driver or rider,Male,31-50,3,Moving Backward,Slight Injury
5882,6:15:00,Tuesday,31-50,Male,Elementary school,5-10yr,Automobile,Owner,Unknown,Office areas,Asphalt roads,Dry,Daylight,Unknown,Vehicle with vehicle collision,2,1,Going straight,na,na,na,na,Changing lane to the left,Slight Injury
5883,14:45:00,Saturday,Over 51,Male,Elementary school,Above 10yr,Automobile,Governmental,Above 10yr,School areas,Asphalt roads,Dry,Daylight,Normal,Collision with roadside objects,2,1,Going straight,na,na,na,na,Overturning,Slight Injury
5885,12:10:00,Saturday,18-30,Male,Junior high school,2-5yr,Stationwagen,Owner,Above 10yr,Other,Asphalt roads,Dry,Daylight,Normal,Collision with roadside objects,1,1,Moving Backward,Pedestrian,Female,Over 51,2,Driving carelessly,Fatal injury
5887,18:10:00,Tuesday,Unknown,Male,High school,5-10yr,Public (> 45 seats),Owner,Above 10yr,Other,Asphalt roads,Dry,Daylight,Normal,Collision with pedestrians,2,1,Turnover,na,na,na,na,Changing lane to the left,Slight Injury
5888,6:51:00,Monday,18-30,Male,Junior high school,unknown,Public (> 45 seats),Owner,Unknown,Residential areas,Asphalt roads,Dry,Daylight,Normal,Vehicle with vehicle collision,2,1,Going straight,Driver or rider,Male,31-50,3,No priority to pedestrian,Slight Injury
5890,14:30:00,Wednesday,Unknown,Male,Elementary school,Above 10yr,Automobile,Owner,1-2yr,Other,Asphalt roads,Dry,Daylight,Normal,Vehicle with vehicle collision,2,2,Going straight,Pedestrian,Female,31-50,3,No distancing,Slight Injury
5891,14:30:00,Wednesday,Over 51,Male,Elementary school,Below 1yr,Bicycle,Owner,Unknown, Industrial areas,Asphalt roads,Dry,Daylight,Normal,Collision with pedestrians,2,2,Going straight,Driver or rider,Male,18-30,3,Changing lane to the left,Slight Injury
5892,14:30:00,Wednesday,Over 51,Male,Junior high school,5-10yr,Automobile,Owner,Unknown,  Recreational areas,Asphalt roads,Dry,Daylight,Normal,Vehicle with vehicle collision,2,2,Going straight,na,na,na,na,No distancing,Slight Injury
5893,15:40:00,Saturday,Unknown,Female,Junior high school,5-10yr,Lorry (41?100Q),Owner,Above 10yr, Church areas,Asphalt roads,Dry,Daylight,Normal,Vehicle with vehicle collision,2,1,Going straight,Driver or rider,Female,18-30,3,Changing lane to the left,Slight Injury
5894,15:40:00,Saturday,18-30,Male,Unknown,unknown,Automobile,Owner,Unknown,Office areas,Asphalt roads,Dry,Daylight,Normal,Vehicle with vehicle collision,2,1,Turnover,na,na,na,na,No distancing,Slight Injury
5895,16:17:00,Wednesday,18-30,Male,Junior high school,1-2yr,Public (13?45 seats),Owner,Unknown,Other,Asphalt roads,Wet or damp,Daylight,Raining,Vehicle with vehicle collision,2,1,Turnover,Driver or rider,Male,18-30,3,No distancing,Slight Injury
5896,16:17:00,Wednesday,31-50,Male,High school,5-10yr,Special vehicle,Owner,Unknown,Office areas,Asphalt roads,Wet or damp,Daylight,Raining,Vehicle with vehicle collision,2,1,Going straight,Pedestrian,Male,18-30,3,No distancing,Slight Injury
5897,18:16:00,Thursday,31-50,Male,Junior high school,5-10yr,Automobile,Owner,Unknown,Office areas,Asphalt roads,Dry,Daylight,Normal,Vehicle with vehicle collision,2,1,Getting off,Passenger,Female,Over 51,3,Changing lane to the left,Slight Injury
5898,18:16:00,Thursday,31-50,Male,Junior high school,5-10yr,Public (13?45 seats),Owner,Unknown,Other,Asphalt roads,Dry,Daylight,Normal,Vehicle with vehicle collision,2,1,Getting off,Passenger,Female,Over 51,3,Changing lane to the right,Slight Injury
5900,12:05:00,Thursday,31-50,Male,Junior high school,Above 10yr,Lorry (41?100Q),Owner,Above 10yr,Office areas,Asphalt roads,Dry,Daylight,Normal,Vehicle with vehicle collision,2,2,Overtaking,na,na,na,na,Changing lane to the right,Slight Injury
5901,12:15:00,Saturday,Over 51,Male,Junior high school,5-10yr,Lorry (41?100Q),Owner,Above 10yr,Residential areas,Asphalt roads,Dry,Daylight,Normal,Vehicle with vehicle collision,2,2,Reversing,Pedestrian,Female,31-50,3,No distancing,Slight Injury
5903,12:15:00,Saturday,31-50,Male,Above high school,Below 1yr,Lorry (41?100Q),Owner,Above 10yr,Office areas,Asphalt roads,Dry,Daylight,Normal,Vehicle with vehicle collision,2,2,Getting off,Driver or rider,Male,31-50,3,Other,Slight Injury
5904,7:21:00,Thursday,18-30,Male,Elementary school,5-10yr,Lorry (41?100Q),Owner,5-10yrs,Other,Asphalt roads,Dry,Daylight,Normal,Rollover,1,1,Getting off,na,na,na,na,Other,Slight Injury
5905,17:51:00,Friday,31-50,Male,Elementary school,5-10yr,Public (12 seats),Owner,Above 10yr,Other,Asphalt roads,Dry,Daylight,Normal,Collision with roadside objects,2,1,Reversing,Driver or rider,Male,31-50,3,Changing lane to the right,Slight Injury
5906,17:51:00,Friday,31-50,Male,Junior high school,5-10yr,Public (> 45 seats),Owner,Above 10yr, Church areas,Asphalt roads,Dry,Daylight,Normal,Vehicle with vehicle collision,2,1,Turnover,Driver or rider,Male,18-30,2,No priority to pedestrian,Slight Injury
5907,11:37:00,Saturday,31-50,Male,High school,5-10yr,Automobile,Owner,Unknown,Office areas,Asphalt roads,Dry,Daylight,Normal,Vehicle with vehicle collision,2,1,Moving Backward,na,na,na,na,No priority to vehicle,Slight Injury