,Time,Day_of_week,Age_band_of_driver,Sex_of_driver,Educational_level,Driving_experience,Type_of_vehicle,Owner_of_vehicle,Service_year_of_vehicle,Area_accident_occured,Road_surface_type,Road_surface_conditions,Light_conditions,Weather_conditions,Type_of_collision,Number_of_vehicles_involved,Number_of_casualties,Vehicle_movement,Casualty_class,Sex_of_casualty,Age_band_of_casualty,Casualty_severity,Cause_of_accident,Accident_severity
7751,16:50:00,Tuesday,Unknown,Male,Junior high school,Below 1yr,Pick up upto 10Q,Owner,1-2yr,Office areas,Asphalt roads,Dry,Daylight,Normal,Vehicle with vehicle collision,3,2,Other,Driver or rider,Male,31-50,3,No priority to vehicle,Slight Injury
7752,16:50:00,Tuesday,Unknown,Male,Elementary school,unknown,Automobile,Owner,Above 10yr,School areas,Asphalt roads,Dry,Daylight,Normal,Collision with roadside objects,3,2,Other,Pedestrian,Male,18-30,3,Changing lane to the right,Slight Injury
7753,16:50:00,Tuesday,18-30,Male,Junior high school,Below 1yr,Other,Owner,2-5yrs,Other,Asphalt roads,Dry,Daylight,Normal,Collision with pedestrians,3,2,Reversing,Passenger,Female,31-50,3,Turnover,Slight Injury
7755,10:56:00,Friday,18-30,Male,Elementary school,2-5yr,Automobile,Owner,1-2yr,Residential areas,Asphalt roads,Dry,Daylight,Normal,Vehicle with vehicle collision,1,1,Going straight,na,na,na,na,Driving at high speed,Serious Injury
7756,10:35:00,Saturday,Over 51,Male,High school,1-2yr,Motorcycle,Owner,1-2yr, Industrial areas,Asphalt roads,Dry,Daylight,Normal,Vehicle with vehicle collision,2,2,Going straight,Passenger,Female,Under 18,3,No distancing,Slight Injury
7757,10:35:00,Saturday,31-50,Male,Junior high school,5-10yr,Automobile,Owner,2-5yrs,Other,Asphalt roads,Dry,Daylight,Normal,Vehicle with vehicle collision,2,2,Going straight,Passenger,Female,Under 18,3,No distancing,Slight Injury
7758,15:26:00,Tuesday,31-50,Male,Junior high school,Below 1yr,Automobile,Owner,1-2yr,Residential areas,Asphalt roads,Dry,Daylight,Normal,Vehicle with vehicle collision,1,1,Turnover,Driver or rider,Male,31-50,3,Driving carelessly,Slight Injury
7759,8:55:00,Friday,Over 51,Male,High school,Above 10yr,Public (12 seats),Owner,1-2yr,  Recreational areas,Asphalt roads,Dry,Daylight,Normal,Vehicle with vehicle collision,1,1,Going straight,na,na,na,na,Driving carelessly,Slight Injury
7760,12:10:00,Saturday,Unknown,Female,Elementary school,5-10yr,Long lorry,Owner,Unknown,Office areas,Asphalt roads,Dry,Daylight,Normal,Vehicle with vehicle collision,2,1,Going straight,Driver or rider,Male,18-30,3,Moving Backward,Slight Injury
7762,18:26:00,Saturday,Under 18,Male,Junior high school,5-10yr,Automobile,Owner,1-2yr, Outside rural areas,Asphalt roads,Dry,Daylight,Normal,Rollover,2,1,Going straight,Driver or rider,Male,18-30,3,Changing lane to the right,Serious Injury
7763,18:26:00,Saturday,31-50,Male,Elementary school,5-10yr,Public (> 45 seats),Owner,1-2yr, Outside rural areas,Asphalt roads,Dry,Daylight,Normal,Vehicle with vehicle collision,2,1,Going straight,Driver or rider,Male,31-50,3,Overtaking,Serious Injury
7764,19:45:00,Sunday,Unknown,Female,Junior high school,2-5yr,Pick up upto 10Q,Governmental,Below 1yr, Outside rural areas,Asphalt roads,Dry,Darkness - lights lit,Normal,Collision with pedestrians,3,1,Moving Backward,Passenger,Female,18-30,3,No distancing,Slight Injury
7765,19:45:00,Sunday,31-50,Male,Junior high school,Above 10yr,Lorry (41?100Q),Owner,Unknown, Outside rural areas,Asphalt roads,Dry,Darkness - lights lit,Normal,Vehicle with vehicle collision,3,1,Going straight,na,na,na,na,Overtaking,Slight Injury
7766,19:45:00,Sunday,31-50,Male,Junior high school,5-10yr,Automobile,Owner,Unknown,School areas,Asphalt roads,Dry,Darkness - lights lit,Normal,Vehicle with vehicle collision,3,1,Going straight,Passenger,Female,18-30,3,Moving Backward,Slight Injury
7767,15:42:00,Thursday,31-50,Male,High school,1-2yr,Public (13?45 seats),Owner,Above 10yr, Outside rural areas,Asphalt roads,Dry,Daylight,Normal,Collision with pedestrians,2,2,Turnover,Passenger,Male,Under 18,3,No distancing,Slight Injury
7768,15:42:00,Thursday,Over 51,Male,Elementary school,5-10yr,Automobile,Owner,Unknown, Outside rural areas,Asphalt roads,Dry,Daylight,Normal,Collision with pedestrians,2,2,Going straight,Driver or rider,Male,Over 51,3,No distancing,Slight Injury
7769,2:15:00,Saturday,Unknown,Male,Elementary school,2-5yr,Public (> 45 seats),Owner,Unknown, Outside rural areas,Asphalt roads,Dry,Darkness - lights lit,Unknown,Vehicle with vehicle collision,2,1,Going straight,na,na,na,na,No priority to vehicle,Slight Injury
7770,2:15:00,Saturday,18-30,Male,Junior high school,Below 1yr,Public (12 seats),Owner,2-5yrs, Outside rural areas,Asphalt roads,Dry,Darkness - lights lit,Unknown,Vehicle with vehicle collision,2,1,Going straight,na,na,na,na,No priority to vehicle,Slight Injury
7771,13:30:00,Monday,Over 51,Male,Junior high school,Below 1yr,Automobile,Owner,2-5yrs,Office areas,Asphalt roads,Dry,Daylight,Normal,Vehicle with vehicle collision,2,1,Going straight,Driver or rider,Female,18-30,3,Changing lane to the left,Slight Injury
7772,13:30:00,Monday,Unknown,Female,Junior high school,5-10yr,Lorry (41?100Q),Owner,2-5yrs, Outside rural areas,Asphalt roads,Dry,Daylight,Normal,Vehicle with vehicle collision,2,1,Going straight,na,na,na,na,No distancing,Slight Injury
7773,15:06:00,Wednesday,18-30,Male,Junior high school,5-10yr,Automobile,Owner,Unknown, Outside rural areas,Asphalt roads,Dry,Daylight,Normal,Vehicle with vehicle collision,2,1,Going straight,Driver or rider,Female,31-50,3,Driving under the influence of drugs,Serious Injury
7774,15:06:00,Wednesday,Over 51,Male,Elementary school,1-2yr,Pick up upto 10Q,Owner,2-5yrs, Outside rural areas,Asphalt roads,Dry,Daylight,Normal,Collision with roadside objects,2,1,Moving Backward,Driver or rider,Male,31-50,3,Changing lane to the left,Serious Injury
7775,7:06:00,Wednesday,18-30,Male,Junior high school,unknown,Public (12 seats),Owner,Unknown,Office areas,Asphalt roads,Wet or damp,Daylight,Normal,Vehicle with vehicle collision,2,1,Going straight,na,na,na,na,Changing lane to the right,Serious Injury
7776,7:06:00,Wednesday,18-30,Male,Elementary school,Above 10yr,Automobile,Owner,Unknown,  Recreational areas,Asphalt roads,Wet or damp,Daylight,Normal,Vehicle with vehicle collision,2,1,Going straight,Pedestrian,Male,Under 18,2,Driving to the left,Serious Injury
7777,18:01:00,Sunday,18-30,Male,Junior high school,1-2yr,Automobile,Owner,Above 10yr,Office areas,Asphalt roads,Dry,Daylight,Normal,Vehicle with vehicle collision,2,2,Going straight,Passenger,Female,31-50,3,Driving at high speed,Slight Injury
7778,18:01:00,Sunday,18-30,Male,Unknown,unknown,Automobile,Owner,2-5yrs,Other,Asphalt roads,Dry,Daylight,Normal,Vehicle with vehicle collision,2,2,Going straight,Driver or rider,Male,31-50,3,Overtaking,Slight Injury
7779,18:01:00,Sunday,18-30,Male,Junior high school,Above 10yr,Stationwagen,Owner,Above 10yr,Residential areas,Asphalt roads,Dry,Daylight,Normal,Vehicle with vehicle collision,2,2,Moving Backward,na,na,na,na,Changing lane to the right,Slight Injury
7780,16:48:00,Saturday,18-30,Male,Elementary school,2-5yr,Other,Owner,Above 10yr,Residential areas,Earth roads,Dry,Daylight,Normal,Vehicle with vehicle collision,1,1,Going straight,na,na,na,na,Changing lane to the right,Slight Injury
7781,8:15:00,Friday,31-50,Male,Junior high school,5-10yr,Other,Owner,Unknown,Residential areas,Asphalt roads,Dry,Daylight,Normal,Vehicle with vehicle collision,1,1,Other,Driver or rider,Male,31-50,3,Moving Backward,Serious Injury
7782,10:25:00,Thursday,Over 51,Male,Junior high school,Below 1yr,Other,Owner,Above 10yr,Other,Asphalt roads,Dry,Daylight,Normal,Vehicle with vehicle collision,1,1,Other,Driver or rider,Male,31-50,3,Moving Backward,Slight Injury
7783,15:30:00,Wednesday,Unknown,Male,Junior high school,5-10yr,Public (13?45 seats),Owner,Unknown,Office areas,Asphalt roads,Dry,Daylight,Normal,Vehicle with vehicle collision,1,1,Going straight,na,na,na,na,Changing lane to the left,Slight Injury
7784,0:52:00,Wednesday,18-30,Male,High school,Above 10yr,Lorry (41?100Q),Owner,Unknown,Other,Asphalt roads,Wet or damp,Darkness - lights lit,Other,Vehicle with vehicle collision,1,1,Going straight,na,na,na,na,Moving Backward,Slight Injury
7785,8:01:00,Monday,31-50,Male,Junior high school,5-10yr,Public (12 seats),Owner,Above 10yr,Other,Asphalt roads,Wet or damp,Daylight,Raining,Vehicle with vehicle collision,2,5,Going straight,Driver or rider,Female,31-50,3,No distancing,Slight Injury
7786,8:01:00,Monday,31-50,Male,Elementary school,1-2yr,Automobile,Owner,5-10yrs,Office areas,Asphalt roads,Wet or damp,Daylight,Raining,Vehicle with vehicle collision,2,5,Going straight,Driver or rider,Male,18-30,3,Moving Backward,Slight Injury
7787,8:01:00,Monday,31-50,Male,Junior high school,unknown,Automobile,Owner,Below 1yr, Church areas,Asphalt roads,Wet or damp,Daylight,Raining,Vehicle with vehicle collision,2,5,Other,na,na,na,na,Changing lane to the right,Slight Injury
7788,8:01:00,Monday,31-50,Male,Elementary school,1-2yr,Stationwagen,Owner,Unknown,Other,Asphalt roads,Wet or damp,Daylight,Raining,Vehicle with vehicle collision,2,5,Going straight,Driver or rider,Male,31-50,3,Changing lane to the left,Slight Injury
7789,8:01:00,Monday,31-50,Male,Junior high school,1-2yr,Lorry (41?100Q),Owner,Unknown,Other,Asphalt roads,Wet or damp,Daylight,Raining,Vehicle with vehicle collision,2,5,Getting off,na,na,na,na,No priority to vehicle,Slight Injury
7790,8:01:00,Monday,18-30,Male,Above high school,1-2yr,Lorry (41?100Q),Owner,Unknown,Office areas,Asphalt roads,Wet or damp,Daylight,Raining,Collision with roadside objects,2,5,Going straight,Pedestrian,Male,Under 18,3,No distancing,Slight Injury
7791,11:32:00,Friday,31-50,Male,Junior high school,5-10yr,Lorry (41?100Q),Owner,Unknown,Office areas,Asphalt roads,Dry,Daylight,Normal,Vehicle with vehicle collision,2,1,Going straight,Pedestrian,Female,Under 18,3,No priority to vehicle,Slight Injury
7792,11:32:00,Friday,18-30,Male,Junior high school,5-10yr,Public (> 45 seats),Owner,Unknown,Office areas,Asphalt roads,Dry,Daylight,Normal,Vehicle with vehicle collision,2,1,Going straight,Pedestrian,Male,Under 18,3,Driving under the influence of drugs,Slight Injury
7793,1:30:00,Sunday,Under 18,Male,Elementary school,5-10yr,Public (12 seats),Owner,Unknown,Office areas,Asphalt roads,Dry,Darkness - lights lit,Normal,Vehicle with vehicle collision,2,4,Going straight,na,na,na,na,Changing lane to the right,Serious Injury
7795,1:30:00,Sunday,Under 18,Male,Junior high school,Above 10yr,Public (12 seats),Owner,Below 1yr,Office areas,Asphalt roads,Dry,Darkness - lights lit,Normal,Collision with pedestrians,2,4,Going straight,Driver or rider,Male,18-30,3,No distancing,Serious Injury
7796,1:30:00,Sunday,31-50,Male,Junior high school,5-10yr,Other,Owner,Unknown,Other,Asphalt roads,Dry,Darkness - lights lit,Normal,Vehicle with vehicle collision,2,4,Moving Backward,Pedestrian,Male,Under 18,3,Changing lane to the left,Serious Injury
7797,19:32:00,Friday,31-50,Male,Junior high school,Below 1yr,Public (12 seats),Owner,Unknown,Other,Asphalt roads,Dry,Darkness - lights lit,Normal,Vehicle with vehicle collision,1,1,Going straight,na,na,na,na,Changing lane to the right,Slight Injury
7798,8:05:00,Friday,Unknown,Male,Junior high school,Above 10yr,Stationwagen,Governmental,Unknown,Other,Asphalt roads,Dry,Daylight,Other,Vehicle with vehicle collision,2,2,Other,Driver or rider,Male,18-30,3,Changing lane to the right,Slight Injury
7799,8:05:00,Friday,18-30,Male,Junior high school,5-10yr,Automobile,Owner,Unknown,Office areas,Asphalt roads,Dry,Daylight,Other,Vehicle with vehicle collision,2,2,Going straight,Driver or rider,Male,Over 51,3,Driving under the influence of drugs,Slight Injury
7800,8:05:00,Friday,18-30,Unknown,Junior high school,Above 10yr,Lorry (41?100Q),Owner,Unknown,Office areas,Asphalt roads,Dry,Daylight,Other,Vehicle with vehicle collision,2,2,Going straight,Passenger,Male,Under 18,3,Moving Backward,Slight Injury
7801,18:43:00,Wednesday,31-50,Male,Junior high school,5-10yr,Special vehicle,Owner,Unknown,Office areas,Asphalt roads,Wet or damp,Daylight,Raining,Vehicle with vehicle collision,1,1,Going straight,na,na,na,na,Changing lane to the left,Serious Injury
7802,20:35:00,Sunday,31-50,Male,Junior high school,1-2yr,Lorry (41?100Q),Governmental,Unknown,Office areas,Asphalt roads,Dry,Daylight,Normal,Vehicle with vehicle collision,2,1,Going straight,Driver or rider,Male,18-30,3,No priority to pedestrian,Slight Injury
7804,8:06:00,Tuesday,18-30,Male,Junior high school,1-2yr,Public (> 45 seats),Governmental,Unknown,Office areas,Asphalt roads,Dry,Daylight,Normal,Collision with pedestrians,1,1,Moving Backward,na,na,na,na,No distancing,Slight Injury
7806,8:14:00,Wednesday,31-50,Male,High school,Above 10yr,Automobile,Owner,Unknown,School areas,Asphalt roads,Dry,Daylight,Normal,Vehicle with vehicle collision,2,1,Going straight,na,na,na,na,Changing lane to the right,Serious Injury
7807,14:44:00,Friday,18-30,Male,Elementary school,2-5yr,Automobile,Owner,Unknown,Office areas,Asphalt roads,Dry,Daylight,Other,Vehicle with vehicle collision,2,2,Going straight,Pedestrian,Female,Under 18,3,Driving carelessly,Slight Injury
7809,14:44:00,Friday,18-30,Male,High school,2-5yr,Lorry (11?40Q),Owner,Unknown,Other,Asphalt roads,Dry,Daylight,Other,Collision with roadside objects,2,2,Going straight,na,na,na,na,Changing lane to the left,Slight Injury
7810,16:20:00,Friday,31-50,Male,Junior high school,No Licence,Pick up upto 10Q,Governmental,Unknown,Other,Asphalt roads,Dry,Daylight,Normal,Vehicle with vehicle collision,1,1,Going straight,Passenger,Male,31-50,3,Moving Backward,Slight Injury
7811,20:30:00,Friday,31-50,Male,Junior high school,1-2yr,Lorry (11?40Q),Owner,5-10yrs,Other,Asphalt roads,Dry,Darkness - lights lit,Unknown,Vehicle with vehicle collision,2,2,Going straight,Driver or rider,Female,Over 51,3,No distancing,Slight Injury
7812,20:30:00,Friday,31-50,Male,Junior high school,5-10yr,Pick up upto 10Q,Owner,Unknown,Office areas,Asphalt roads,Dry,Darkness - lights lit,Unknown,Vehicle with vehicle collision,2,2,Going straight,Pedestrian,Female,Under 18,3,No priority to pedestrian,Slight Injury
7813,20:30:00,Friday,Unknown,Male,Junior high school,1-2yr,Special vehicle,Owner,Unknown,Office areas,Asphalt roads,Dry,Darkness - lights lit,Unknown,Vehicle with vehicle collision,2,2,Going straight,Driver or rider,Male,Under 18,3,Changing lane to the left,Slight Injury
7814,12:15:00,Saturday,31-50,Male,Junior high school,Above 10yr,Lorry (11?40Q),Owner,Unknown,Office areas,Asphalt roads,Dry,Daylight,Normal,Vehicle with vehicle collision,2,1,Going straight,na,na,na,na,No distancing,Slight Injury
7817,17:30:00,Sunday,31-50,Male,Junior high school,2-5yr,Lorry (41?100Q),Owner,Above 10yr,Residential areas,Asphalt roads,Dry,Daylight,Normal,Collision with roadside objects,2,2,Going straight,Driver or rider,Male,18-30,3,Changing lane to the right,Slight Injury
7818,20:20:00,Monday,31-50,Male,High school,1-2yr,Other,Owner,5-10yrs,Office areas,Asphalt roads,Dry,Darkness - lights lit,Normal,Vehicle with vehicle collision,2,1,Going straight,na,na,na,na,Moving Backward,Slight Injury
7819,20:20:00,Monday,18-30,Male,Junior high school,1-2yr,Other,Owner,Unknown,  Recreational areas,Asphalt roads,Dry,Darkness - lights lit,Normal,Vehicle with vehicle collision,2,1,Going straight,na,na,na,na,No priority to vehicle,Slight Injury
7820,18:05:00,Monday,Unknown,Male,Elementary school,Above 10yr,Automobile,Governmental,Unknown,Office areas,Asphalt roads,Dry,Darkness - lights lit,Normal,Vehicle with vehicle collision,1,1,Going straight,Driver or rider,Male,31-50,3,No priority to pedestrian,Slight Injury
7821,15:45:00,Monday,Unknown,Male,Junior high school,Above 10yr,Other,Owner,5-10yrs, Industrial areas,Asphalt roads,Dry,Daylight,Normal,Vehicle with vehicle collision,1,1,Going straight,Driver or rider,Male,18-30,3,Changing lane to the left,Slight Injury
7823,8:20:00,Monday,Under 18,Male,Junior high school,Above 10yr,Public (13?45 seats),Owner,Unknown,Residential areas,Asphalt roads,Wet or damp,Daylight,Normal,Vehicle with vehicle collision,2,1,Moving Backward,na,na,na,na,Driving under the influence of drugs,Slight Injury
7824,11:55:00,Wednesday,Unknown,Female,Junior high school,1-2yr,Lorry (41?100Q),Governmental,Above 10yr,Residential areas,Asphalt roads,Dry,Daylight,Normal,Vehicle with vehicle collision,2,1,Going straight,Driver or rider,Male,18-30,3,Moving Backward,Slight Injury
7826,12:51:00,Wednesday,31-50,Male,High school,2-5yr,Automobile,Owner,2-5yrs,Residential areas,Asphalt roads,Dry,Daylight,Normal,Vehicle with vehicle collision,3,2,Going straight,Driver or rider,Male,18-30,3,Changing lane to the right,Slight Injury
7828,12:51:00,Wednesday,18-30,Male,Junior high school,5-10yr,Lorry (41?100Q),Owner,Unknown,Office areas,Asphalt roads,Dry,Daylight,Normal,Vehicle with vehicle collision,3,2,Going straight,Driver or rider,Male,18-30,3,Moving Backward,Slight Injury
7830,20:12:00,Friday,Unknown,Male,Junior high school,2-5yr,Lorry (41?100Q),Owner,Above 10yr,Office areas,Asphalt roads,Dry,Darkness - lights lit,Normal,Collision with roadside objects,1,1,Going straight,Pedestrian,Female,Over 51,3,Driving carelessly,Slight Injury
7831,19:38:00,Wednesday,18-30,Male,High school,Above 10yr,Taxi,Owner,1-2yr,Office areas,Asphalt roads,Wet or damp,Darkness - lights lit,Normal,Vehicle with vehicle collision,2,1,Going straight,Pedestrian,Female,18-30,3,No priority to pedestrian,Slight Injury
7832,19:38:00,Wednesday,31-50,Male,Elementary school,5-10yr,Lorry (41?100Q),Owner,Unknown,Office areas,Asphalt roads,Wet or damp,Darkness - lights lit,Normal,Vehicle with vehicle collision,2,1,Going straight,na,na,na,na,No priority to vehicle,Slight Injury
7833,8:14:00,Monday,18-30,Male,Junior high school,Above 10yr,Lorry (41?100Q),Owner,Unknown,Office areas,Asphalt roads,Wet or damp,Daylight,Raining and Windy,Collision with roadside objects,2,1,Going straight,Driver or rider,Female,18-30,3,Moving Backward,Slight Injury
7834,8:14:00,Monday,Over 51,Male,Writing & reading,2-5yr,Other,Owner,Unknown,Office areas,Asphalt roads,Wet or damp,Daylight,Raining and Windy,Collision with roadside objects,2,1,Going straight,Driver or rider,Male,18-30,2,Changing lane to the right,Slight Injury
7835,13:45:00,Thursday,31-50,Male,Junior high school,2-5yr,Stationwagen,Owner,Above 10yr,Residential areas,Asphalt roads,Wet or damp,Daylight,Raining,Vehicle with vehicle collision,2,1,Going straight,na,na,na,na,No distancing,Serious Injury
7836,13:45:00,Thursday,31-50,Male,High school,2-5yr,Stationwagen,Owner,5-10yrs,Residential areas,Asphalt roads,Wet or damp,Daylight,Raining,Vehicle with vehicle collision,2,1,Other,na,na,na,na,Driving carelessly,Serious Injury
7837,17:45:00,Tuesday,Unknown,Female,Junior high school,1-2yr,Lorry (41?100Q),Owner,Unknown,Other,Asphalt roads,Wet or damp,Darkness - lights lit,Raining,Vehicle with vehicle collision,1,1,Going straight,Driver or rider,Male,31-50,3,Changing lane to the left,Serious Injury
7838,14:13:00,Wednesday,Unknown,Male,High school,5-10yr,Lorry (41?100Q),Owner,5-10yrs, Church areas,Asphalt roads,Dry,Daylight,Normal,Collision with roadside objects,2,1,Going straight,na,na,na,na,Moving Backward,Slight Injury
7839,14:13:00,Wednesday,31-50,Male,Elementary school,2-5yr,Other,Owner,Unknown,  Recreational areas,Asphalt roads,Dry,Daylight,Normal,Vehicle with vehicle collision,2,1,Going straight,Driver or rider,Male,31-50,3,No distancing,Slight Injury
7840,17:00:00,Wednesday,Unknown,Male,Junior high school,1-2yr,Automobile,Owner,Unknown, Industrial areas,Asphalt roads,Dry,Darkness - lights lit,Normal,Vehicle with vehicle collision,2,1,Going straight,Passenger,Female,31-50,3,Changing lane to the right,Slight Injury
7842,17:40:00,Friday,31-50,Male,High school,No Licence,Taxi,Owner,Above 10yr,Residential areas,Asphalt roads,Wet or damp,Darkness - lights unlit,Raining,Rollover,1,1,Going straight,Driver or rider,Female,18-30,3,Getting off the vehicle improperly,Slight Injury
7843,23:00:00,Saturday,31-50,Male,Junior high school,5-10yr,Lorry (41?100Q),Owner,2-5yrs,Office areas,Asphalt roads,Dry,Darkness - lights unlit,Normal,Vehicle with vehicle collision,2,2,Going straight,na,na,na,na,No distancing,Serious Injury
7844,23:00:00,Saturday,18-30,Male,Junior high school,1-2yr,Other,Owner,2-5yrs,  Market areas,Asphalt roads,Dry,Darkness - lights unlit,Normal,Vehicle with vehicle collision,2,2,Other,Driver or rider,Male,31-50,3,No distancing,Serious Injury
7846,19:35:00,Thursday,18-30,Male,Junior high school,5-10yr,Public (> 45 seats),Owner,Unknown, Industrial areas,Asphalt roads,Dry,Darkness - lights lit,Normal,Vehicle with vehicle collision,2,2,Going straight,Pedestrian,Female,18-30,3,No priority to vehicle,Slight Injury
7847,19:35:00,Thursday,18-30,Male,Unknown,unknown,Stationwagen,Owner,Unknown,Residential areas,Asphalt roads,Dry,Darkness - lights lit,Normal,Vehicle with vehicle collision,2,2,Going straight,na,na,na,na,Driving carelessly,Slight Injury
7848,19:57:00,Tuesday,18-30,Male,Unknown,unknown,Automobile,Governmental,Below 1yr,Residential areas,Asphalt roads,Dry,Darkness - lights lit,Normal,Vehicle with vehicle collision,1,1,Going straight,Driver or rider,Male,31-50,3,Changing lane to the right,Serious Injury
7849,12:37:00,Tuesday,18-30,Male,Junior high school,2-5yr,Lorry (41?100Q),Owner,5-10yrs,Other,Asphalt roads,Dry,Daylight,Normal,Vehicle with vehicle collision,2,2,Going straight,na,na,na,na,No distancing,Slight Injury
7850,12:37:00,Tuesday,Over 51,Male,Junior high school,Above 10yr,Other,Governmental,Unknown,Residential areas,Asphalt roads,Dry,Daylight,Normal,Collision with roadside objects,2,2,Going straight,Driver or rider,Male,Over 51,3,Changing lane to the right,Slight Injury
7851,8:30:00,Tuesday,Over 51,Male,Junior high school,Above 10yr,Public (13?45 seats),Owner,1-2yr,Rural village areas,Asphalt roads,Dry,Daylight,Normal,Vehicle with vehicle collision,2,1,Going straight,na,na,na,na,No distancing,Slight Injury
7852,8:30:00,Tuesday,Unknown,Male,Unknown,unknown,Other,Owner,2-5yrs,Rural village areas,Asphalt roads,Dry,Daylight,Normal,Vehicle with vehicle collision,2,1,Going straight,Driver or rider,Male,18-30,3,Driving under the influence of drugs,Slight Injury
7853,10:45:00,Friday,Over 51,Male,Elementary school,Above 10yr,Other,Owner,Unknown,Office areas,Asphalt roads,Dry,Daylight,Normal,Vehicle with vehicle collision,2,1,Going straight,Driver or rider,Male,18-30,3,Changing lane to the left,Slight Injury
7854,10:45:00,Friday,18-30,Male,Unknown,unknown,Ridden horse,Owner,2-5yrs,Residential areas,Asphalt roads,Dry,Daylight,Normal,Vehicle with vehicle collision,2,1,Moving Backward,na,na,na,na,Getting off the vehicle improperly,Slight Injury
7855,21:00:00,Monday,31-50,Male,Junior high school,5-10yr,Lorry (41?100Q),Owner,Unknown,Residential areas,Asphalt roads,Wet or damp,Darkness - lights lit,Normal,Collision with roadside objects,1,1,Going straight,Passenger,Female,18-30,3,Overloading,Slight Injury
7856,0:35:00,Friday,18-30,Male,Junior high school,Above 10yr,Lorry (41?100Q),Owner,Unknown, Outside rural areas,Asphalt roads,Wet or damp,Darkness - lights lit,Raining,Vehicle with vehicle collision,1,1,Going straight,na,na,na,na,Driving carelessly,Slight Injury
7857,9:09:00,Wednesday,31-50,Male,High school,Above 10yr,Pick up upto 10Q,Owner,Above 10yr,Residential areas,Asphalt roads,Dry,Daylight,Normal,Collision with roadside objects,4,2,Going straight,Driver or rider,Female,Over 51,3,Overtaking,Slight Injury
7858,9:09:00,Wednesday,31-50,Male,Unknown,unknown,Lorry (11?40Q),Owner,5-10yrs, Church areas,Asphalt roads,Dry,Daylight,Normal,Vehicle with vehicle collision,4,2,Going straight,na,na,na,na,No distancing,Slight Injury
7859,9:09:00,Wednesday,31-50,Male,Elementary school,5-10yr,Automobile,Owner,Unknown,Office areas,Asphalt roads,Dry,Daylight,Normal,Rollover,4,2,Moving Backward,Passenger,Female,31-50,3,Overturning,Slight Injury
7860,9:09:00,Wednesday,18-30,Male,Elementary school,Above 10yr,Automobile,Owner,Unknown,Office areas,Asphalt roads,Dry,Daylight,Normal,Vehicle with vehicle collision,4,2,Going straight,Driver or rider,Male,18-30,3,Driving carelessly,Slight Injury
7861,8:24:00,Wednesday,18-30,Male,Junior high school,Below 1yr,Pick up upto 10Q,Governmental,Unknown,Office areas,Asphalt roads,Wet or damp,Daylight,Other,Vehicle with vehicle collision,2,2,Other,na,na,na,na,No priority to pedestrian,Slight Injury
7862,8:24:00,Wednesday,31-50,Male,Junior high school,2-5yr,Automobile,Owner,2-5yrs,Other,Asphalt roads,Wet or damp,Daylight,Other,Vehicle with vehicle collision,2,2,Other,Pedestrian,Male,Under 18,2,No distancing,Slight Injury
7863,12:07:00,Wednesday,31-50,Male,Junior high school,2-5yr,Other,Owner,2-5yrs,Other,Asphalt roads,Wet or damp,Daylight,Raining,Vehicle with vehicle collision,2,1,Going straight,Driver or rider,Female,18-30,3,No priority to vehicle,Slight Injury
7864,12:07:00,Wednesday,31-50,Male,High school,5-10yr,Lorry (41?100Q),Owner,Unknown,Residential areas,Asphalt roads,Wet or damp,Daylight,Raining,Vehicle with vehicle collision,2,1,Going straight,Passenger,Male,Under 18,3,Getting off the vehicle improperly,Slight Injury
7866,0:54:00,Friday,18-30,Male,Unknown,Below 1yr,Pick up upto 10Q,Owner,Below 1yr,Other,Asphalt roads,Wet or damp,Darkness - lights lit,Raining,Rollover,2,1,Going straight,na,na,na,na,Changing lane to the right,Slight Injury
7867,8:24:00,Saturday,18-30,Male,Elementary school,Above 10yr,Stationwagen,Owner,5-10yrs,Other,Asphalt roads,Dry,Daylight,Normal,Vehicle with vehicle collision,2,1,Other,na,na,na,na,Moving Backward,Slight Injury
7868,8:24:00,Saturday,31-50,Male,Elementary school,Below 1yr,Other,Governmental,5-10yrs,Other,Asphalt roads,Dry,Daylight,Normal,Rollover,2,1,Going straight,Driver or rider,Male,18-30,3,Changing lane to the left,Slight Injury
7869,16:54:00,Monday,Unknown,Female,Junior high school,5-10yr,Pick up upto 10Q,Owner,2-5yrs,Other,Asphalt roads,Wet or damp,Darkness - lights lit,Normal,Vehicle with vehicle collision,2,1,Getting off,Pedestrian,Male,Over 51,3,No distancing,Slight Injury
7870,16:54:00,Monday,18-30,Male,Junior high school,5-10yr,Public (13?45 seats),Owner,Unknown,Other,Asphalt roads,Wet or damp,Darkness - lights lit,Normal,Vehicle with vehicle collision,2,1,Going straight,Pedestrian,Male,31-50,3,Driving carelessly,Slight Injury
7871,14:45:00,Sunday,Unknown,Male,Unknown,unknown,Public (12 seats),Owner,2-5yrs, Church areas,Asphalt roads,Wet or damp,Daylight,Normal,Vehicle with vehicle collision,2,1,Going straight,Passenger,Male,Under 18,3,Driving under the influence of drugs,Slight Injury
7872,14:45:00,Sunday,18-30,Male,Junior high school,1-2yr,Lorry (41?100Q),Owner,5-10yrs,Other,Asphalt roads,Wet or damp,Daylight,Normal,Fall from vehicles,2,1,Going straight,Passenger,Male,31-50,3,Driving carelessly,Slight Injury