,Time,Day_of_week,Age_band_of_driver,Sex_of_driver,Educational_level,Driving_experience,Type_of_vehicle,Owner_of_vehicle,Service_year_of_vehicle,Area_accident_occured,Road_surface_type,Road_surface_conditions,Light_conditions,Weather_conditions,Type_of_collision,Number_of_vehicles_involved,Number_of_casualties,Vehicle_movement,Casualty_class,Sex_of_casualty,Age_band_of_casualty,Casualty_severity,Cause_of_accident,Accident_severity
10885,15:46:00,Thursday,31-50,Male,Junior high school,Above 10yr,Lorry (41?100Q),Owner,1-2yr,Office areas,Asphalt roads,Wet or damp,Daylight,Normal,Vehicle with vehicle collision,2,1,Going straight,na,na,na,na,Moving Backward,Slight Injury
10886,15:46:00,Thursday,31-50,Male,Junior high school,Above 10yr,Public (12 seats),Owner,2-5yrs,Other,Asphalt roads,Dry,Darkness - lights lit,Normal,Collision with roadside objects,1,1,Going straight,Passenger,Female,31-50,3,Changing lane to the right,Serious Injury
10887,20:10:00,Saturday,Under 18,Male,Junior high school,Below 1yr,Lorry (41?100Q),Owner,Unknown,Office areas,Asphalt roads,Wet or damp,Darkness - lights lit,Normal,Vehicle with vehicle collision,1,1,Going straight,Driver or rider,Male,31-50,2,Driving carelessly,Slight Injury
10888,21:46:00,Wednesday,31-50,Female,Junior high school,Above 10yr,Other,Owner,Unknown,Residential areas,Asphalt roads,Dry,Daylight,Normal,Vehicle with vehicle collision,1,2,Going straight,na,na,na,na,Changing lane to the left,Slight Injury
10889,21:46:00,Wednesday,18-30,Male,High school,Above 10yr,Lorry (41?100Q),Owner,Unknown,Office areas,Asphalt roads,Dry,Daylight,Normal,Vehicle with vehicle collision,1,2,Going straight,na,na,na,na,No distancing,Slight Injury
10891,21:20:00,Saturday,Under 18,Male,Elementary school,unknown,Public (> 45 seats),Organization,Unknown,Other,Asphalt roads,Dry,Darkness - lights lit,Unknown,Rollover,1,2,Going straight,Driver or rider,Male,18-30,3,Driving under the influence of drugs,Serious Injury
10892,5:49:00,Tuesday,Under 18,Male,Junior high school,5-10yr,Lorry (41?100Q),Owner,Unknown,Office areas,Earth roads,Dry,Darkness - lights lit,Unknown,Collision with pedestrians,1,2,Going straight,Driver or rider,Male,18-30,2,No distancing,Serious Injury
10893,5:49:00,Tuesday,Under 18,Male,Junior high school,5-10yr,Other,Owner,Unknown,Office areas,Asphalt roads,Dry,Daylight,Normal,Vehicle with vehicle collision,1,1,Turnover,Passenger,Female,Under 18,3,Overturning,Slight Injury
10895,9:35:00,Monday,31-50,Male,Junior high school,5-10yr,Automobile,Owner,Unknown,Other,Asphalt roads,Wet or damp,Darkness - lights lit,Normal,Vehicle with vehicle collision,2,1,Reversing,na,na,na,na,Changing lane to the right,Slight Injury
10896,9:35:00,Monday,31-50,Male,Elementary school,2-5yr,Lorry (41?100Q),Owner,Unknown,Residential areas,Asphalt roads,Wet or damp,Daylight,Normal,Collision with pedestrians,1,1,Other,Driver or rider,Male,31-50,3,No priority to vehicle,Slight Injury
10897,18:39:00,Wednesday,Unknown,Male,Junior high school,2-5yr,Pick up upto 10Q,Owner,2-5yrs,Residential areas,Earth roads,Dry,Daylight,Normal,Collision with pedestrians,1,1,Going straight,Pedestrian,Female,18-30,3,Changing lane to the right,Serious Injury
10898,18:39:00,Wednesday,Under 18,Male,Elementary school,2-5yr,Automobile,Owner,5-10yrs, Church areas,Asphalt roads,Dry,Darkness - lights lit,Normal,Vehicle with vehicle collision,1,1,Going straight,na,na,na,na,Changing lane to the left,Serious Injury
10900,16:00:00,Wednesday,18-30,Male,Junior high school,Above 10yr,Other,Owner,Unknown,Residential areas,Asphalt roads,Dry,Daylight,Normal,Vehicle with vehicle collision,3,2,Other,Pedestrian,Male,18-30,3,No priority to pedestrian,Fatal injury
10901,13:09:00,Tuesday,31-50,Male,Junior high school,2-5yr,Automobile,Owner,2-5yrs,Other,Asphalt roads,Dry,Daylight,Normal,Collision with roadside objects,3,2,Going straight,Driver or rider,Male,18-30,3,Driving carelessly,Fatal injury
10902,13:09:00,Tuesday,Over 51,Male,Junior high school,1-2yr,Stationwagen,Owner,2-5yrs,Residential areas,Asphalt roads,Dry,Daylight,Normal,Vehicle with vehicle collision,3,2,Going straight,Driver or rider,Female,18-30,3,No distancing,Fatal injury
10903,20:30:00,Friday,Unknown,Male,Junior high school,2-5yr,Other,Owner,2-5yrs,Residential areas,Asphalt roads,Dry,Daylight,Normal,Collision with roadside objects,1,1,Other,na,na,na,na,Driving carelessly,Slight Injury
10907,18:12:00,Wednesday,31-50,Male,Elementary school,2-5yr,Other,Owner,Unknown,Other,Asphalt roads,Dry,Daylight,Normal,Vehicle with vehicle collision,3,1,Turnover,Pedestrian,Female,18-30,3,No priority to vehicle,Slight Injury
10908,18:12:00,Wednesday,31-50,Male,Elementary school,Below 1yr,Lorry (41?100Q),Owner,Unknown,Residential areas,Asphalt roads,Dry,Daylight,Normal,Vehicle with vehicle collision,3,1,Going straight,na,na,na,na,No priority to vehicle,Slight Injury
10909,18:12:00,Wednesday,31-50,Male,Unknown,unknown,Lorry (41?100Q),Owner,2-5yrs,  Recreational areas,Asphalt roads,Dry,Daylight,Normal,Collision with roadside objects,2,1,Moving Backward,Driver or rider,Male,18-30,3,Moving Backward,Slight Injury
10911,7:50:00,Wednesday,18-30,Male,High school,1-2yr,Stationwagen,Owner,Unknown,Office areas,Asphalt roads,Dry,Daylight,Normal,Vehicle with vehicle collision,4,1,Going straight,Passenger,Female,18-30,3,Changing lane to the left,Slight Injury
10913,10:16:00,Thursday,Under 18,Male,Junior high school,1-2yr,Automobile,Owner,Unknown,Office areas,Asphalt roads,Dry,Daylight,Normal,Vehicle with vehicle collision,4,1,Reversing,Passenger,Male,Over 51,3,Overtaking,Slight Injury
10914,10:16:00,Thursday,Over 51,Male,Junior high school,Above 10yr,Automobile,Owner,Unknown,Office areas,Earth roads,Dry,Daylight,Normal,Vehicle with vehicle collision,4,1,Reversing,Driver or rider,Male,18-30,3,Overloading,Slight Injury
10915,23:05:00,Saturday,Over 51,Female,Junior high school,Below 1yr,Pick up upto 10Q,Owner,Unknown,Office areas,Asphalt roads,Dry,Daylight,Normal,Vehicle with vehicle collision,2,1,Reversing,Pedestrian,Female,31-50,3,Other,Slight Injury
10916,0:47:00,Sunday,18-30,Male,Elementary school,2-5yr,Taxi,Owner,Unknown,Other,Asphalt roads,Dry,Daylight,Normal,Vehicle with vehicle collision,2,1,Going straight,na,na,na,na,No priority to vehicle,Slight Injury
10918,10:30:00,Monday,18-30,Male,Elementary school,5-10yr,Automobile,Owner,Unknown,Office areas,Asphalt roads,Dry,Darkness - no lighting,Normal,Vehicle with vehicle collision,3,2,Going straight,Driver or rider,Male,18-30,3,Moving Backward,Slight Injury
10920,13:01:00,Saturday,18-30,Male,Junior high school,5-10yr,Long lorry,Governmental,2-5yrs,  Recreational areas,Asphalt roads,Dry,Darkness - no lighting,Normal,Vehicle with vehicle collision,3,2,Moving Backward,na,na,na,na,No priority to pedestrian,Slight Injury
10921,13:01:00,Saturday,Over 51,Male,Unknown,unknown,Public (12 seats),Owner,1-2yr,Other,Asphalt roads,Dry,Darkness - no lighting,Normal,Vehicle with vehicle collision,3,2,Going straight,Driver or rider,Male,18-30,3,No distancing,Slight Injury
10922,13:01:00,Saturday,Over 51,Male,High school,2-5yr,Pick up upto 10Q,Owner,Above 10yr,Residential areas,Asphalt roads,Dry,Daylight,Normal,Vehicle with vehicle collision,2,1,Moving Backward,na,na,na,na,No priority to vehicle,Slight Injury
10924,17:41:00,Monday,31-50,Male,Junior high school,5-10yr,Other,Owner,Unknown,Other,Asphalt roads,Dry,Daylight,Other,Vehicle with vehicle collision,2,1,Going straight,na,na,na,na,No distancing,Slight Injury
10925,17:41:00,Monday,31-50,Male,Junior high school,2-5yr,Lorry (41?100Q),Owner,5-10yrs,Other,Asphalt roads,Dry,Daylight,Other,Vehicle with vehicle collision,2,1,Other,na,na,na,na,Moving Backward,Slight Injury
10926,17:41:00,Monday,31-50,Male,Junior high school,No Licence,Automobile,Owner,Unknown,Other,Asphalt roads,Wet or damp,Darkness - lights lit,Normal,Vehicle with vehicle collision,1,2,Going straight,Driver or rider,Male,18-30,2,Changing lane to the right,Slight Injury
10927,17:25:00,Friday,31-50,Male,Junior high school,Above 10yr,Pick up upto 10Q,Owner,2-5yrs,Other,Asphalt roads,Wet or damp,Darkness - lights lit,Normal,Vehicle with vehicle collision,1,2,Other,na,na,na,na,No priority to pedestrian,Slight Injury
10928,17:25:00,Friday,Under 18,Male,Junior high school,Above 10yr,Lorry (41?100Q),Owner,Unknown,School areas,Asphalt roads,Dry,Darkness - lights lit,Normal,Vehicle with vehicle collision,1,4,Going straight,Driver or rider,Male,31-50,3,Moving Backward,Fatal injury
10929,17:25:00,Friday,31-50,Male,Junior high school,5-10yr,Lorry (41?100Q),Owner,Unknown,Office areas,Asphalt roads,Dry,Darkness - lights lit,Normal,Collision with roadside objects,1,4,Reversing,Pedestrian,Male,Over 51,3,Getting off the vehicle improperly,Fatal injury
10931,17:25:00,Friday,31-50,Male,High school,2-5yr,Public (> 45 seats),Owner,5-10yrs,Office areas,Asphalt roads,Dry,Darkness - lights lit,Normal,Collision with pedestrians,1,4,Going straight,Driver or rider,Female,18-30,3,Overloading,Fatal injury
10933,11:10:00,Sunday,18-30,Male,Junior high school,Above 10yr,Automobile,Governmental,Unknown,School areas,Asphalt roads,Wet or damp,Darkness - lights lit,Raining,Collision with roadside objects,2,1,Going straight,na,na,na,na,Improper parking,Slight Injury
10934,11:10:00,Sunday,31-50,Male,Junior high school,Above 10yr,Automobile,Owner,Unknown,Office areas,Asphalt roads,Dry,Daylight,Normal,Vehicle with vehicle collision,2,1,Going straight,na,na,na,na,Other,Slight Injury
10935,3:15:00,Saturday,18-30,Male,Elementary school,2-5yr,Automobile,Owner,Unknown,Office areas,Asphalt roads,Dry,Daylight,Normal,Vehicle with vehicle collision,2,1,Going straight,Driver or rider,Male,31-50,3,Changing lane to the left,Slight Injury
10936,3:15:00,Saturday,18-30,Male,Junior high school,2-5yr,Other,Governmental,Above 10yr,School areas,Asphalt roads,Dry,Daylight,Normal,Vehicle with vehicle collision,3,1,Going straight,Driver or rider,Female,18-30,3,Changing lane to the right,Slight Injury
10938,17:00:00,Tuesday,Under 18,Male,Elementary school,5-10yr,Automobile,Owner,Above 10yr,Other,Asphalt roads,Dry,Daylight,Normal,Vehicle with vehicle collision,3,1,Going straight,Driver or rider,Male,31-50,3,Overspeed,Slight Injury
10939,17:10:00,Friday,31-50,Male,Junior high school,Below 1yr,Stationwagen,Owner,Below 1yr,Other,Asphalt roads,Dry,Daylight,Normal,Rollover,2,1,Going straight,Driver or rider,Female,18-30,3,Changing lane to the left,Slight Injury
10940,17:10:00,Friday,Under 18,Male,Elementary school,Below 1yr,Automobile,Owner,Above 10yr,Other,Asphalt roads,Dry,Daylight,Normal,Collision with roadside objects,2,1,Going straight,na,na,na,na,No priority to vehicle,Slight Injury
10941,17:23:00,Tuesday,31-50,Male,Junior high school,Below 1yr,Automobile,Owner,Unknown,Residential areas,Asphalt roads,Dry,Daylight,Normal,Vehicle with vehicle collision,2,1,Going straight,Driver or rider,Male,31-50,3,Changing lane to the right,Slight Injury
10942,17:23:00,Tuesday,31-50,Male,Junior high school,5-10yr,Automobile,Governmental,1-2yr,Other,Gravel roads,Dry,Daylight,Normal,Collision with roadside objects,2,1,Reversing,Pedestrian,Female,31-50,3,No distancing,Slight Injury
10945,23:35:00,Wednesday,31-50,Male,Junior high school,5-10yr,Pick up upto 10Q,Owner,Unknown,  Recreational areas,Asphalt roads,Dry,Daylight,Normal,Vehicle with vehicle collision,2,1,Other,Driver or rider,Male,18-30,3,No priority to vehicle,Serious Injury
10946,14:59:00,Wednesday,Under 18,Male,Junior high school,2-5yr,Turbo,Owner,Above 10yr, Church areas,Asphalt roads,Dry,Daylight,Normal,Vehicle with vehicle collision,1,1,Going straight,Pedestrian,Male,18-30,3,Other,Slight Injury
10947,14:59:00,Wednesday,Under 18,Male,Elementary school,5-10yr,Pick up upto 10Q,Owner,Unknown,Office areas,Asphalt roads,Dry,Darkness - lights lit,Normal,Vehicle with vehicle collision,2,1,Going straight,Driver or rider,Male,18-30,3,Driving carelessly,Slight Injury
10948,14:59:00,Wednesday,Over 51,Male,Junior high school,2-5yr,Other,Owner,Unknown,Other,Asphalt roads,Dry,Darkness - lights lit,Normal,Collision with roadside objects,2,1,Going straight,na,na,na,na,Changing lane to the left,Slight Injury
10949,14:40:00,Saturday,Unknown,Male,Junior high school,Below 1yr,Stationwagen,Owner,Unknown,Office areas,Asphalt roads,Dry,Daylight,Normal,Vehicle with vehicle collision,3,1,Turnover,Passenger,Male,31-50,3,Driving carelessly,Slight Injury
10950,14:40:00,Saturday,18-30,Male,Elementary school,2-5yr,Pick up upto 10Q,Owner,Unknown,Office areas,Asphalt roads,Dry,Daylight,Normal,Collision with roadside objects,3,1,Going straight,Driver or rider,Male,18-30,3,Changing lane to the left,Slight Injury
10951,14:40:00,Saturday,18-30,Male,Junior high school,2-5yr,Lorry (41?100Q),Owner,Unknown,Other,Asphalt roads,Dry,Daylight,Normal,Vehicle with vehicle collision,3,1,Going straight,na,na,na,na,No priority to vehicle,Slight Injury
10952,12:48:00,Sunday,31-50,Male,Junior high school,2-5yr,Lorry (41?100Q),Owner,Above 10yr,Residential areas,Asphalt roads,Dry,Daylight,Normal,Vehicle with vehicle collision,2,1,Reversing,na,na,na,na,No distancing,Slight Injury
10953,12:48:00,Sunday,18-30,Male,Junior high school,5-10yr,Automobile,Owner,Above 10yr,Office areas,Asphalt roads,Dry,Daylight,Normal,Vehicle with vehicle collision,2,1,Other,Driver or rider,Female,31-50,3,Changing lane to the right,Slight Injury
10954,12:48:00,Sunday,18-30,Male,Junior high school,5-10yr,Automobile,Owner,Above 10yr,Residential areas,Asphalt roads,Wet or damp,Daylight,Normal,Vehicle with vehicle collision,1,1,Going straight,Driver or rider,Male,31-50,3,Changing lane to the right,Serious Injury
10956,12:48:00,Sunday,18-30,Male,Junior high school,5-10yr,Pick up upto 10Q,Owner,Above 10yr,Office areas,Asphalt roads,Wet or damp,Daylight,Raining,Vehicle with vehicle collision,2,1,Moving Backward,Passenger,Female,18-30,3,No distancing,Serious Injury
10957,18:40:00,Friday,18-30,Male,Junior high school,2-5yr,Lorry (41?100Q),Owner,5-10yrs,Other,Asphalt roads,Dry,Daylight,Normal,Vehicle with vehicle collision,2,1,Reversing,na,na,na,na,Changing lane to the right,Slight Injury
10958,18:40:00,Friday,18-30,Male,Junior high school,Below 1yr,Public (12 seats),Owner,Above 10yr,Other,Asphalt roads,Dry,Daylight,Normal,Vehicle with vehicle collision,2,1,Going straight,Driver or rider,Male,18-30,3,Changing lane to the left,Slight Injury
10959,11:11:00,Wednesday,18-30,Male,Junior high school,1-2yr,Other,Owner,Above 10yr, Church areas,Asphalt roads,Dry,Darkness - lights lit,Normal,Vehicle with vehicle collision,1,1,Going straight,na,na,na,na,Getting off the vehicle improperly,Slight Injury
10960,11:11:00,Wednesday,18-30,Male,Junior high school,Below 1yr,Stationwagen,Owner,Unknown,Office areas,Other,Dry,Daylight,Normal,Vehicle with vehicle collision,2,1,Moving Backward,Driver or rider,Male,31-50,3,Other,Slight Injury
10961,7:50:00,Tuesday,Over 51,Male,Junior high school,Above 10yr,Automobile,Owner,Unknown,Other,Asphalt roads,Dry,Daylight,Normal,Vehicle with vehicle collision,2,1,Going straight,na,na,na,na,Other,Slight Injury
10962,7:50:00,Tuesday,18-30,Male,Junior high school,Below 1yr,Automobile,Owner,Unknown,Office areas,Asphalt roads,Dry,Daylight,Normal,Rollover,2,1,Going straight,Pedestrian,Female,18-30,3,No distancing,Slight Injury
10963,7:50:00,Tuesday,18-30,Male,Junior high school,2-5yr,Lorry (41?100Q),Owner,Unknown,Office areas,Asphalt roads,Dry,Daylight,Normal,Collision with roadside objects,2,1,Going straight,Driver or rider,Female,18-30,3,No priority to vehicle,Slight Injury
10964,16:30:00,Tuesday,18-30,Male,Junior high school,1-2yr,Stationwagen,Owner,Above 10yr,Office areas,Asphalt roads,Dry,Daylight,Normal,Vehicle with vehicle collision,2,1,Going straight,Driver or rider,Female,31-50,3,Overtaking,Slight Injury
10965,16:30:00,Tuesday,31-50,Male,Elementary school,5-10yr,Lorry (41?100Q),Owner,Above 10yr, Church areas,Asphalt roads,Dry,Daylight,Normal,Vehicle with vehicle collision,2,1,Going straight,Driver or rider,Male,31-50,3,No priority to pedestrian,Slight Injury
10966,18:56:00,Monday,Under 18,Male,Junior high school,Below 1yr,Public (> 45 seats),Owner,Above 10yr,Office areas,Asphalt roads,Dry,Daylight,Normal,Collision with roadside objects,2,2,Going straight,na,na,na,na,No distancing,Slight Injury
10968,18:13:00,Tuesday,18-30,Male,Writing & reading,Below 1yr,Automobile,Owner,Unknown,Other,Other,Dry,Daylight,Normal,Vehicle with vehicle collision,1,1,Going straight,na,na,na,na,Driving carelessly,Slight Injury
10969,18:13:00,Tuesday,31-50,Male,Junior high school,1-2yr,Automobile,Owner,5-10yrs, Church areas,Asphalt roads,Dry,Daylight,Normal,Vehicle with vehicle collision,2,2,Reversing,Driver or rider,Male,18-30,2,Changing lane to the right,Slight Injury
10972,15:15:00,Sunday,31-50,Male,Junior high school,Below 1yr,Lorry (41?100Q),Owner,Above 10yr,Office areas,Asphalt roads,Dry,Daylight,Normal,Collision with pedestrians,4,5,Going straight,Pedestrian,Male,31-50,2,Driving to the left,Slight Injury
10973,15:15:00,Sunday,31-50,Male,Writing & reading,5-10yr,Automobile,Owner,2-5yrs,Other,Asphalt roads,Dry,Daylight,Normal,Vehicle with vehicle collision,4,5,Going straight,Pedestrian,Female,31-50,3,Driving at high speed,Slight Injury
10974,10:12:00,Tuesday,18-30,Male,Writing & reading,5-10yr,Stationwagen,Owner,Above 10yr, Church areas,Asphalt roads,Dry,Daylight,Normal,Vehicle with vehicle collision,4,5,Going straight,Driver or rider,Male,18-30,3,Unknown,Slight Injury
10975,19:25:00,Monday,31-50,Male,Junior high school,5-10yr,Public (12 seats),Governmental,1-2yr,Other,Asphalt roads,Dry,Daylight,Normal,Vehicle with vehicle collision,4,5,Going straight,Pedestrian,Female,18-30,3,Changing lane to the right,Slight Injury
10976,14:57:00,Friday,18-30,Male,Junior high school,2-5yr,Public (12 seats),Governmental,Above 10yr,Other,Asphalt roads,Dry,Daylight,Normal,Collision with pedestrians,4,5,Other,Driver or rider,Male,5,3,No distancing,Slight Injury
10978,14:57:00,Friday,31-50,Male,Junior high school,5-10yr,Public (12 seats),Organization,Above 10yr,Other,Other,Dry,Daylight,Normal,Vehicle with vehicle collision,3,1,Other,Driver or rider,Male,18-30,3,No priority to vehicle,Serious Injury
10979,8:30:00,Sunday,Under 18,Male,Junior high school,Above 10yr,Public (12 seats),Owner,2-5yrs,Other,Asphalt roads,Dry,Daylight,Normal,Vehicle with vehicle collision,3,1,Going straight,na,na,na,na,Changing lane to the left,Serious Injury
10980,22:05:00,Monday,Unknown,Male,Junior high school,2-5yr,Lorry (41?100Q),Governmental,Unknown,Residential areas,Asphalt roads,Dry,Daylight,Normal,Vehicle with vehicle collision,2,2,Going straight,Driver or rider,Male,18-30,2,No priority to pedestrian,Serious Injury
10981,22:05:00,Monday,18-30,Male,Junior high school,Below 1yr,Automobile,Owner,2-5yrs,Office areas,Asphalt roads,Dry,Daylight,Normal,Collision with roadside objects,2,2,Going straight,Passenger,Female,18-30,3,Overtaking,Serious Injury
10982,15:30:00,Friday,18-30,Male,Junior high school,Below 1yr,Lorry (41?100Q),Owner,2-5yrs, Church areas,Asphalt roads,Dry,Daylight,Normal,Vehicle with vehicle collision,2,2,Other,Driver or rider,Female,Over 51,3,Driving carelessly,Serious Injury
10985,21:15:00,Sunday,31-50,Male,Elementary school,Below 1yr,Stationwagen,Owner,Above 10yr,Other,Asphalt roads,Dry,Darkness - lights lit,Normal,Vehicle with vehicle collision,2,3,Going straight,na,na,na,na,Changing lane to the right,Slight Injury
10988,21:15:00,Sunday,18-30,Male,High school,Above 10yr,Automobile,Governmental,1-2yr,Residential areas,Asphalt roads,Wet or damp,Daylight,Raining,Vehicle with vehicle collision,2,1,Going straight,na,na,na,na,Changing lane to the right,Slight Injury
10989,16:32:00,Monday,18-30,Male,High school,Above 10yr,Stationwagen,Owner,Unknown,Other,Earth roads,Wet or damp,Daylight,Raining,Collision with roadside objects,2,1,Moving Backward,Driver or rider,Male,31-50,3,Changing lane to the left,Slight Injury
10990,16:32:00,Monday,31-50,Male,Junior high school,5-10yr,Automobile,Owner,Unknown,Other,Asphalt roads,Wet or damp,Daylight,Raining,Collision with roadside objects,4,1,Moving Backward,Driver or rider,Male,31-50,3,Overturning,Slight Injury
10991,16:32:00,Monday,Over 51,Male,Elementary school,1-2yr,Other,Owner,Unknown,Other,Asphalt roads,Wet or damp,Daylight,Raining,Vehicle with vehicle collision,4,1,Going straight,na,na,na,na,Driving carelessly,Slight Injury
10992,15:30:00,Friday,31-50,Male,Elementary school,5-10yr,Other,Owner,Unknown,  Recreational areas,Asphalt roads,Wet or damp,Daylight,Raining,Vehicle with vehicle collision,4,1,Going straight,Driver or rider,Male,31-50,3,No distancing,Slight Injury
10993,15:30:00,Friday,31-50,Male,Junior high school,5-10yr,Automobile,Owner,Unknown,  Recreational areas,Asphalt roads,Wet or damp,Daylight,Raining,Vehicle with vehicle collision,4,1,Turnover,na,na,na,na,Driving carelessly,Slight Injury
10994,14:45:00,Saturday,Over 51,Male,Junior high school,1-2yr,Lorry (41?100Q),Owner,Unknown,Other,Asphalt roads,Dry,Daylight,Normal,Vehicle with vehicle collision,2,2,Going straight,na,na,na,na,Changing lane to the left,Slight Injury
10995,19:30:00,Wednesday,31-50,Male,Junior high school,5-10yr,Lorry (41?100Q),Organization,1-2yr,Office areas,Asphalt roads,Dry,Daylight,Normal,Vehicle with vehicle collision,2,2,Going straight,Driver or rider,Male,31-50,3,No priority to vehicle,Slight Injury
10996,19:30:00,Wednesday,Over 51,Female,High school,Above 10yr,Lorry (41?100Q),Owner,2-5yrs,Residential areas,Asphalt roads,Dry,Daylight,Normal,Vehicle with vehicle collision,2,2,Going straight,Driver or rider,Male,Under 18,2,Changing lane to the right,Slight Injury
10997,16:56:00,Friday,Over 51,Male,Unknown,Below 1yr,Automobile,Owner,2-5yrs,Other,Asphalt roads,Wet or damp,Daylight,Normal,Vehicle with vehicle collision,1,1,Going straight,na,na,na,na,No distancing,Serious Injury
10999,17:50:00,Monday,18-30,Male,Above high school,Above 10yr,Public (13?45 seats),Owner,Unknown, Church areas,Asphalt roads,Dry,Daylight,Normal,Vehicle with vehicle collision,2,1,Going straight,Driver or rider,Female,31-50,3,Moving Backward,Serious Injury
11000,9:04:00,Tuesday,31-50,Male,High school,Below 1yr,Public (13?45 seats),Owner,2-5yrs,Other,Asphalt roads,Dry,Daylight,Normal,Vehicle with vehicle collision,2,1,Going straight,na,na,na,na,No distancing,Serious Injury
11001,9:04:00,Tuesday,Over 51,Male,Junior high school,1-2yr,Lorry (41?100Q),Owner,5-10yrs,Office areas,Gravel roads,Dry,Daylight,Normal,Vehicle with vehicle collision,2,1,Going straight,Driver or rider,Male,31-50,3,No distancing,Serious Injury
11003,10:40:00,Thursday,Over 51,Female,Junior high school,Above 10yr,Public (12 seats),Owner,Unknown,  Recreational areas,Asphalt roads,Dry,Daylight,Normal,Vehicle with vehicle collision,2,1,Other,na,na,na,na,No priority to pedestrian,Slight Injury
11004,21:15:00,Thursday,18-30,Male,Junior high school,Above 10yr,Other,Owner,Unknown,Other,Asphalt roads,Dry,Daylight,Normal,Vehicle with vehicle collision,1,1,Getting off,Driver or rider,Female,5,3,Driving carelessly,Slight Injury
11005,21:15:00,Thursday,18-30,Male,Junior high school,No Licence,Lorry (41?100Q),Owner,1-2yr,Office areas,Asphalt roads,Wet or damp,Daylight,Raining,Vehicle with vehicle collision,1,1,Going straight,na,na,na,na,Changing lane to the right,Slight Injury
11006,16:00:00,Friday,Under 18,Male,Junior high school,1-2yr,Automobile,Governmental,Unknown,Residential areas,Asphalt roads,Dry,Daylight,Normal,Vehicle with vehicle collision,2,1,Going straight,Driver or rider,Female,31-50,3,Changing lane to the left,Slight Injury
11007,16:00:00,Friday,18-30,Male,Illiterate,1-2yr,Other,Owner,Unknown,Office areas,Asphalt roads,Dry,Daylight,Normal,Vehicle with vehicle collision,2,1,Going straight,Pedestrian,Female,18-30,3,Driving carelessly,Slight Injury
11008,16:00:00,Friday,31-50,Male,Junior high school,Below 1yr,Motorcycle,Owner,Unknown,Office areas,Asphalt roads,Dry,Daylight,Normal,Vehicle with vehicle collision,1,1,Other,Pedestrian,Female,18-30,3,Driving carelessly,Slight Injury
11009,19:30:00,Saturday,18-30,Male,Junior high school,1-2yr,Automobile,Owner,Unknown, Church areas,Asphalt roads,Dry,Daylight,Normal,Collision with roadside objects,2,2,Going straight,Driver or rider,Male,31-50,3,No distancing,Serious Injury
11010,19:30:00,Saturday,18-30,Male,Junior high school,2-5yr,Automobile,Owner,Unknown, Church areas,Asphalt roads,Dry,Daylight,Normal,Vehicle with vehicle collision,2,2,Moving Backward,na,na,na,na,Other,Serious Injury
11011,19:30:00,Saturday,18-30,Male,Unknown,5-10yr,Lorry (41?100Q),Owner,Unknown,Residential areas,Asphalt roads,Dry,Daylight,Normal,Collision with pedestrians,2,1,Other,Driver or rider,Male,18-30,3,Changing lane to the right,Slight Injury
11012,9:32:00,Sunday,31-50,Male,Unknown,Above 10yr,Automobile,Owner,Unknown,Other,Asphalt roads,Dry,Daylight,Normal,Vehicle with vehicle collision,2,1,Going straight,na,na,na,na,Changing lane to the right,Slight Injury
11013,9:32:00,Sunday,18-30,Male,Junior high school,2-5yr,Public (> 45 seats),Owner,Unknown,Other,Asphalt roads,Dry,Daylight,Normal,Collision with roadside objects,2,1,Going straight,Driver or rider,Male,31-50,3,No distancing,Slight Injury
11016,8:05:00,Friday,31-50,Male,Unknown,unknown,Lorry (41?100Q),Owner,Unknown,Office areas,Asphalt roads,Dry,Daylight,Normal,Vehicle with vehicle collision,2,1,Going straight,Driver or rider,Female,18-30,3,Driving at high speed,Slight Injury
11017,6:26:00,Friday,18-30,Male,Junior high school,5-10yr,Lorry (41?100Q),Owner,Unknown,Residential areas,Asphalt roads,Dry,Daylight,Normal,Vehicle with vehicle collision,1,1,Going straight,na,na,na,na,No priority to vehicle,Slight Injury
11018,6:26:00,Friday,18-30,Male,Junior high school,Below 1yr,Lorry (41?100Q),Owner,Unknown,Other,Asphalt roads,Dry,Daylight,Normal,Vehicle with vehicle collision,2,1,Going straight,Driver or rider,Male,18-30,3,No priority to pedestrian,Slight Injury
11019,9:20:00,Thursday,18-30,Male,Junior high school,2-5yr,Public (12 seats),Owner,Unknown,Other,Asphalt roads,Dry,Daylight,Normal,Rollover,2,1,Going straight,na,na,na,na,No priority to vehicle,Slight Injury
11020,9:20:00,Thursday,18-30,Male,Elementary school,2-5yr,Public (12 seats),Owner,Unknown,  Recreational areas,Asphalt roads,Dry,Darkness - lights lit,Normal,Collision with roadside objects,1,1,Going straight,Driver or rider,Male,18-30,3,Other,Slight Injury
11021,9:25:00,Friday,31-50,Male,Junior high school,2-5yr,Stationwagen,Owner,5-10yrs, Church areas,Asphalt roads,Dry,Daylight,Normal,Vehicle with vehicle collision,2,3,Going straight,na,na,na,na,Other,Slight Injury
11022,9:25:00,Friday,31-50,Male,Junior high school,2-5yr,Lorry (41?100Q),Owner,Unknown,School areas,Asphalt roads,Dry,Daylight,Normal,Vehicle with vehicle collision,2,3,Going straight,na,na,na,na,Moving Backward,Slight Injury